conversation_id_str,created_at,favorite_count,full_text,id_str,image_url,in_reply_to_screen_name,lang,location,quote_count,reply_count,retweet_count,tweet_url,user_id_str,username
1.95E+18,Fri Jul 18 09:26:26 +0000 2025,3,@tanyakanrl eh lu gamau coba https://t.co/DkqrIWhjmq aja apa? bukan behel tapi fungsinya sama kayak behel,1.95E+18,,tanyakanrl,in,,0,0,0,https://x.com/undefined/status/1946139490038538679,1.08E+18,
1.95E+18,Wed Jul 16 03:25:41 +0000 2025,0,Adohhh tolol semua kah 1 keluarga ini udah dibilang jangan ke https://t.co/ju4iQYKydb masih bebal kesana sekarang duitnya udah masuk baru marah2 ya konsekuensi udah dibilangin tetep aja bebal. Sekarang marah2 padahal hasil pilihannya sendiri Pengambilan keputusannya ini tolol,1.95E+18,,,in,,0,2,0,https://x.com/undefined/status/1945323926567149690,1.39E+18,
1.94E+18,Fri Jun 27 14:12:40 +0000 2025,0,@litpeabutt bawahnya pake juga uww dia tuh pake retainer bening yg kyk rata id (tau gk..) tp ada bracesnya juga sjdhsja sangat2 gak common sih di indo https://t.co/xG3TuwevbR,1.94E+18,https://pbs.twimg.com/media/GudLraBaIAAJFX9.jpg,litpeabutt,in,,0,0,0,https://x.com/undefined/status/1938601378861215765,2726298122,
1.92E+18,Thu Apr 24 06:25:47 +0000 2025,0,w pake rataid kayaknya abis sampe 15jtaan.,1.92E+18,,,in,,0,0,0,https://x.com/undefined/status/1915291057077788936,1.30E+18,
1.91E+18,Thu Apr 10 07:33:42 +0000 2025,1,ada yang pernah pakek aligner https://t.co/6dGNUhsFXC gak disini?? spill harga dong pas mau pasang dan apakah emg worth it ?,1.91E+18,,,in,,0,1,0,https://x.com/undefined/status/1910234719146635410,1.42E+18,
1.90E+18,Tue Mar 11 16:39:05 +0000 2025,0,Manteman ada yg udah nyoba behel yg bening? Minta review nya dong.. Dr browsing di ig keknya ada beberapa merk ya jd agak bingung.. ada klar ada rata id ada Invisalign dll.. secara harga vs waktu vs kesulitan vs hasil gimana kira2? Makasih sblmnya..,1.90E+18,,,in,,0,1,0,https://x.com/undefined/status/1899500333531124001,227669145,
1.90E+18,Fri Mar 07 13:03:15 +0000 2025,0,@worksfess Lagi di proses di rata id ya ka?,1.90E+18,,worksfess,in,,0,0,0,https://x.com/undefined/status/1897996469069922355,1.34E+18,
1.86E+18,Fri Nov 15 01:16:09 +0000 2024,0,guys disini ada yang pernah pasang behel di gaia pdg! berapa ya kira2 budgetnya? atau ada yang pernah pake aligner rata. id? terimakasih,1.86E+18,,,in,,0,1,0,https://x.com/undefined/status/1857231076659548362,1.16E+18,
1.86E+18,Wed Nov 13 02:47:51 +0000 2024,0,Jadi hati2 aja deh kalau mau treatment di https://t.co/5Zty1bjtoz di google juga udah banyak review jeleknya,1.86E+18,,callmetiw,in,,0,0,0,https://x.com/undefined/status/1856529379557617756,2276962087,
1.86E+18,Wed Nov 13 01:27:38 +0000 2024,3,Kelakuan bisnis start up atas nama https://t.co/Vt4636zZBb giliran minta refund responnya lamaa bangett https://t.co/qG7XuUQXAz,1.86E+18,https://pbs.twimg.com/media/GcOlQ42asAEga2q.jpg,,in,,0,1,0,https://x.com/undefined/status/1856509190774390910,2276962087,
1.81E+18,Thu Jul 11 08:57:13 +0000 2024,1,Gue barusan memutuskan untuk beli aligner https://t.co/jDG0CLFN2z dan mau ceritain pengalaman gue disini. Disclaimer: ini pengalaman pribadi 100% real dan gue cuma berbagi cerita. Tidak ada niat lain selain berbagi perngalaman sebagai customer. Baiklah mari kita mulai.,1.81E+18,,,in,,0,2,0,https://x.com/undefined/status/1811323851160051833,1.40E+18,
1.81E+18,Mon Jul 08 11:45:38 +0000 2024,0,@tokotanX Iya lg si rata id itu di iklan2nya slalu ngebandingin lgsg sm hasil dr behel gtu soale Aku kekny dlm waktu deket bkl pasang behel si kak td kepikiran aj gr2 tb2 lwt iklannya ,1.81E+18,,tokotanX,in,,0,1,0,https://x.com/undefined/status/1810279071257071731,1.14E+18,
1.81E+18,Mon Jul 08 05:42:03 +0000 2024,0,Ada yg prnh nyoba alternatif behel kyk rata id gtu ga ges dsini? Bagus gasi kek gtu? Apa mending behel aj skalian?,1.81E+18,,,in,,0,3,0,https://x.com/undefined/status/1810187570418262037,1.14E+18,
1.80E+18,Tue Jun 04 11:47:15 +0000 2024,0,@athazalea @BaseBDG oalaa kaya https://t.co/Q8cgmE3GhA yaa masih avail kahh nder?,1.80E+18,,athazalea,in,,0,0,0,https://x.com/undefined/status/1797958291739517294,8.79E+17,
1.78E+18,Mon Apr 29 05:59:38 +0000 2024,0,@IchaVarma Ini kalo pake aligner pake rata id hasilnya bakalan sama gak kaya pake behel?,1.78E+18,,IchaVarma,in,,0,2,0,https://x.com/undefined/status/1784824846557618400,1.56E+18,
1.78E+18,Tue Apr 16 12:30:54 +0000 2024,0,Saran dari @iarwian buat janji untuk scalling di https://t.co/FwHGyKxQCd tapi sangat mindon gaweni dan mbuleti kalo kata orang Tunisia,1.78E+18,,,in,,0,1,0,https://x.com/undefined/status/1780212271173775543,63098743,
1.77E+18,Tue Mar 26 22:29:31 +0000 2024,1,@sczeve Gigi gue berantakan banget dan udah ke Rata ID dan sekarang masih perawatan yang belasan juta buat benerin yang seumur hidup bikin insecure :'),1.77E+18,,sczeve,in,,0,1,0,https://x.com/undefined/status/1772752770631909765,1.57E+18,
1.77E+18,Tue Mar 26 15:23:03 +0000 2024,0,@sungcebann @convomf Mending behel ke sp orto apa pake aligner rata id ya?,1.77E+18,,sungcebann,in,,0,1,0,https://x.com/undefined/status/1772645449272349057,1.36E+18,
1.76E+18,Mon Mar 04 08:56:35 +0000 2024,0,Bjir rata id enggak punya twitter wedi tak paidu paling.,1.76E+18,,,in,,0,0,0,https://x.com/undefined/status/1764575656887857349,259628561,
1.75E+18,Sat Mar 02 00:26:37 +0000 2024,0,@fullchankissed di rata id ?,1.76E+18,,fullchankissed,in,,0,0,0,https://x.com/undefined/status/1763722545155744110,67914864,
1.75E+18,Mon Feb 05 08:34:23 +0000 2024,0,rata id tuh legit gak sih,1.75E+18,,,in,,0,1,0,https://x.com/undefined/status/1754423208592519255,1.35E+18,
1.75E+18,Tue Jan 23 02:28:57 +0000 2024,0,siteteh iklan rata. id di ig asa terngiang ngiang beungeutna:(((,1.75E+18,,,in,,0,0,0,https://x.com/undefined/status/1749620203464564950,1.16E+18,
1.75E+18,Wed Jan 17 03:39:06 +0000 2024,0,Pake rata id itu worth it gasi?,1.75E+18,,,in,,0,0,0,https://x.com/undefined/status/1747463531921109175,1.32E+18,
1.75E+18,Sat Jan 13 16:07:25 +0000 2024,0,@harycoth Katanya rata id nipu,1.75E+18,,harycoth,in,,0,0,0,https://x.com/undefined/status/1746202296923640283,1.55E+18,
1.67E+18,Sun Jun 11 16:47:42 +0000 2023,0,@iamdewani @ainunrozi @howtodresvvell Kenapa milih https://t.co/scVLjtyVQj? Pertama krn ga mau behel. Gaada pantangan makan lebih fleksibel penggunaannya krn bisa lepas pasang (meski tetep penggunaan minimal 22 jam/hari lepas ketika makan dan sikat gigi) dan ga sakit berlebihan. Dan ada target gigi kita rata-,1.67E+18,,dwisuryaartie14,in,,0,2,0,https://x.com/undefined/status/1667936656593424385,3224747521,
1.67E+18,Sun Jun 11 16:25:07 +0000 2023,3,@iamdewani @ainunrozi @howtodresvvell Iyupss alhamdulillah kasus gigiku cocok dengan https://t.co/CRr3CJAAB1 . Menurutku mending ikut konsul awal dulu aja sambil nanya apakah kasus gigi kita cocok engganya pake Rata ini karena emang ga semua kasus gigi bisa di treatment dgn clear aligner,1.67E+18,,iamdewani,in,,0,1,0,https://x.com/undefined/status/1667930974125191168,3224747521,
1.67E+18,Sun Jun 11 15:54:32 +0000 2023,0,Alhamdulillaahh kaga jadi kemaren pake si rataid Walaupun ujungnya sampe sekarang kaga ada 1pun yg gur pake (baik aligner/behel) Tapi emang udah curigation sama brand ini pas mereka ngejar2 gue buat dp ‍ Gengges. Kek marketing asuransi/cc anjer,1.67E+18,,,in,,0,0,0,https://x.com/undefined/status/1667923277132742658,1.54E+18,
1.66E+18,Sun Jun 11 15:01:41 +0000 2023,1,CHATAN GUE SAMA KORBAN RATA ID LAINNYA SKSKWKWKWK dia lebih parah sih uang bener2 ga di refund ke klinik aje belom https://t.co/Efw6ODuegk,1.67E+18,https://pbs.twimg.com/media/FyWbRsRaEAAxnJO.jpg,energydrinkity,in,,0,1,0,https://x.com/undefined/status/1667909977946873856,1.54E+18,
1.67E+18,Sun Jun 11 13:36:06 +0000 2023,1,Dari awal emang udah paling bener rapihin gigi ke dokter gigi ahli ortho ya teman2~ Harga juga gak mahal banget kok. Gue malah shock banget tau harga https://t.co/0W3swd1h96 tuh segini. Asli jauh lebih terjangkau drg ortho lebih terjamin juga treatment &amp; hasilnya,1.67E+18,,,in,,0,0,1,https://x.com/undefined/status/1667888439327617025,199111806,
1.67E+18,Sun Jun 11 12:32:42 +0000 2023,1,Mending behelan ke dr gigi mba dah pasti bagus walo menyiksa. Keknya emang aligner itu bukannya dipakenya setelah behel ya cuma biar gigi2nya ga berantakan lagi Banyak case malah makin berantakan giginya pake rata(.)id ini,1.67E+18,,,in,,0,0,0,https://x.com/undefined/status/1667872482781724672,172355342,
1.67E+18,Sun Jun 11 10:52:08 +0000 2023,0,@howtodresvvell wahhh parah sih makasih loh mba hampir saya mau ratain gigi bawa pake https://t.co/n6JmB152t3,1.67E+18,,howtodresvvell,in,,0,0,0,https://x.com/undefined/status/1667847175303487488,1.01E+18,
1.67E+18,Sun Jun 11 08:08:17 +0000 2023,5,Akhirnya ada yang up nih jasa gigi by rata id Mereka salah satu yang aku blacklist karna gigi tuh salah satu kunci dari bentuk muka. Kalian nggak bisa sembarangan ngerubah harus tau keluhannya apa yang diilangin apa yang diisi. Rata id gak kasih edukasi customers! https://t.co/pI6No1N5m7,1.67E+18,https://pbs.twimg.com/media/FyU8qenaIAE5JO2.jpg,,in,,0,0,0,https://x.com/undefined/status/1667805942166200320,536024858,
1.67E+18,Sun Jun 11 07:08:28 +0000 2023,0,orang miskin kena tipu tukang gigi orang kaya kena tipu rata id,1.67E+18,,,in,,0,0,0,https://x.com/undefined/status/1667790889715126272,1.44E+18,
1.67E+18,Sun Jun 11 04:43:59 +0000 2023,0,Sempat dan udah lama tergiur juga krn hasilnya yg dibilang lebih cepet bisa lepas pasang dll. Tapi untung ga jadi pake https://t.co/m5Zfz6Syhb meskipun udah sempet chat admin dan waktu itu duitnya ga cukup meskipun dibilang diskon jadi bersyukur gapunya duit segitu waktu itu,1.67E+18,,,in,,0,0,0,https://x.com/undefined/status/1667754527989325826,3311443399,
1.67E+18,Sun Jun 11 04:37:15 +0000 2023,22,@howtodresvvell Akhirnya smp skg aku nerusin pake aligner / helm gigi ini Iyalah drpd kebuang percuma duit 14 juta. Udah dpt motor bit Pesenku buat yg ambil program rataid jgn kemakan promo 5 jutaannya Jika ditanya kesiapan bilang aja siapnya 5 juta sesuai hrg promo,1.67E+18,,qinkqonk,in,,0,2,1,https://x.com/undefined/status/1667752833582796800,170971387,
1.67E+18,Sun Jun 11 04:09:18 +0000 2023,121,@howtodresvvell Hehehe.. aku juga kena modusnya rataid https://t.co/6RJbMZOrRu,1.67E+18,https://pbs.twimg.com/media/FyUF9csaUAAzlB2.jpg,howtodresvvell,in,,9,8,19,https://x.com/undefined/status/1667745797616828417,170971387,
1.67E+18,Sat Jun 10 15:54:23 +0000 2023,6325,lagi googling2 pengen pake jasa https://t.co/tdClbAx0nD eh tiktok ini lewat. gak jadi pake rata dah https://t.co/aEbhAM7HlY,1.67E+18,https://pbs.twimg.com/ext_tw_video_thumb/1667560714083643392/pu/img/iJN-oYO4xeTF1lXj.jpg,,in,,730,362,1390,https://x.com/undefined/status/1667560850469822465,1.25E+18,
1.49E+18,Wed Jan 11 13:35:30 +0000 2023,5,Update today w ke rata id untuk tambal estetik dan scaling w cetak gigi ulang karna udh ga fit alignernya dr sebelum tambal so skrg w gapke aligner samsek nunggu 2 minggu buat dpt aligner barunya klo mau liat gigi w skrg gmna langsung cek tiktok w ya @.megarawijaya,1.61E+18,,meabsolvera,in,,0,1,0,https://x.com/undefined/status/1613167718957748231,2411576940,
1.61E+18,Sun Jan 08 09:55:28 +0000 2023,0,@mediocrickey Info scalling murah pls di https://t.co/NmTcSsaUn8 bisa 300an pusing juga aink.,1.61E+18,,,in,,0,0,0,https://x.com/undefined/status/1612025181924626433,1.30E+18,
1.61E+18,Wed Dec 21 15:24:11 +0000 2022,0,@AkmalNr27 akhirnya ada yang omongin pernah mau ngetwit tentang ini tapi nanti ada yg nangkapnya lain. kayaknya pake yg kayak https://t.co/ip0pa7y5XB gitu,1.61E+18,,AkmalNr27,in,,0,2,0,https://x.com/undefined/status/1605584926635872256,1.39E+18,
1.61E+18,Wed Dec 21 13:20:50 +0000 2022,0,@PentolUratt @champagneojan Emang IG nya aktif @rata.id ? Setau ku udah non aktif wkwkwkwk lagian modelnya juga pengungsi unhcr yg hrusnya gk boleh nyari duit di negara transit.,1.61E+18,,PeriSrengenge,in,,0,1,0,https://x.com/undefined/status/1605553884927336449,1016413184,
1.60E+18,Sun Dec 18 03:40:58 +0000 2022,0,@jaswinealthea Aku udah terlanjur bayar full rata id tapi belum di apa apain mau refund ko ga di gubris ya,1.60E+18,,jaswinealthea,in,,0,3,0,https://x.com/undefined/status/1604320794787557376,1.07E+18,
1.59E+18,Fri Nov 11 15:12:36 +0000 2022,0,@noneeeeh @ohmybeautybank Noon cb cek rata id,1.59E+18,,,in,,0,0,0,https://x.com/undefined/status/1591086498518302720,144451696,
1.59E+18,Sun Nov 06 05:41:16 +0000 2022,0,@Askrlfess agak overbite krn gusi dan gigiku besar2. pernah pake behel membaik cm ak galanjut. mau rencana pake https://t.co/ozlEEMJKBc soon. ngerasa makin berumur makin berubah bentuk gigi+rahang.,1.59E+18,,Askrlfess,in,,0,0,0,https://x.com/undefined/status/1589130775940960256,2757318493,
1.58E+18,Fri Oct 21 02:55:13 +0000 2022,0,@ohmybeautybank Coba pke aligner nder.. lebih jelasnya bisa cek Ig https://t.co/sKBz9xUerU,1.58E+18,,ohmybeautybank,in,,0,0,0,https://x.com/undefined/status/1583290784480374784,1.22E+18,
1.58E+18,Tue Oct 11 16:03:06 +0000 2022,0,@SafiyyaRaima Sudah pernah Makai https://t.co/ShmS0uMHnB kak ?,1.58E+18,,SafiyyaRaima,in,,0,0,0,https://x.com/undefined/status/1579865180636577793,1.17E+18,
1.57E+18,Sat Sep 17 06:03:52 +0000 2022,0,ke canggu sabtu gini yakali gak macet tapi demi https://t.co/5fTYPvu5oy ye w temenin,1.57E+18,,,in,,0,0,0,https://x.com/undefined/status/1571017072393748481,1.18E+18,
1.57E+18,Tue Sep 13 10:59:22 +0000 2022,1,Kmrn w konsul akhir pemakaian https://t.co/1cVZHEySiA buat scan retainer yg bakal dipake nantinya. Trus kan konsul segala macem ya gigi w yg rahang atas padahal belom sesuai ama yg w mau eh dokternya blg udah ok. Akbirnya yg bawah bisa pake retainer tu.,1.57E+18,,,in,,0,1,0,https://x.com/undefined/status/1569641883256913921,1.09E+18,
1.56E+18,Mon Aug 29 03:59:36 +0000 2022,0,@sbyfess Ada namanya aligner coba punya https://t.co/JJf2GmbBQ0 tuh dia ada paket dan ada kliniknya di sby,1.56E+18,,sbyfess,in,,0,0,0,https://x.com/undefined/status/1564100427725295617,1.21E+18,
1.56E+18,Sun Aug 28 10:28:21 +0000 2022,0,@ohmybeautybank mending pake behel ato aligner yg kaya rata id itu?,1.56E+18,,ohmybeautybank,in,,0,1,0,https://x.com/undefined/status/1563835874432786434,1.47E+18,
1.56E+18,Sat Aug 27 15:33:15 +0000 2022,1,work! haloo disini ada yg kerja di rata . id ga yaaa???,1.56E+18,,,in,,0,1,0,https://x.com/undefined/status/1563550216166318082,1.24E+18,
1.56E+18,Fri Aug 05 10:16:56 +0000 2022,0,@faizsadad_ Aku tetep saranin https://t.co/sEPAUzlukj sih izzz,1.56E+18,,faizsadad_,in,,0,0,0,https://x.com/undefined/status/1555498081244053504,1.20E+18,
1.55E+18,Mon Jul 25 06:22:25 +0000 2022,0,@tryharderbitj @womanfeeds_id Halo kak kalau pakai https://t.co/r4W43dfbJl biayanya berapa Kak?,1.55E+18,,meowrcurry,in,,0,1,0,https://x.com/undefined/status/1551452793357053952,1.12E+18,
1.55E+18,Fri Jul 15 06:42:02 +0000 2022,0,Pgn pake https://t.co/BBbGaWpCh0,1.55E+18,,,in,,0,0,0,https://x.com/undefined/status/1547833851526885379,1.48E+18,
1.55E+18,Tue Jul 12 10:28:01 +0000 2022,0,@womanfeeds_id Pake https://t.co/pJKXCC6g0J aja nder kayanya segitu udah sampe beres deh,1.55E+18,,womanfeeds_id,in,,0,1,0,https://x.com/undefined/status/1546803561178099713,1.24E+18,
1.55E+18,Mon Jul 11 14:07:29 +0000 2022,0,@dyonigiri Mjb rata id itu kek mana ya?,1.55E+18,,dyonigiri,in,,0,1,0,https://x.com/undefined/status/1546496400640589824,1.35E+18,
1.55E+18,Mon Jul 11 14:03:42 +0000 2022,11,Kalo di indo tuh pake rata id ya... bukan behel...,1.55E+18,,dyonigiri,in,,0,2,0,https://x.com/undefined/status/1546495450144194560,1.00E+18,
1.55E+18,Sun Jul 10 11:45:44 +0000 2022,0,@ohmybeautybank Aku pakai behel tp kalo km nanya cara lain bisa pakai aligner dr https://t.co/zFMNfamj2G,1.55E+18,,ohmybeautybank,in,,0,0,0,https://x.com/undefined/status/1546098341230288897,1.26E+18,
1.54E+18,Sun Jul 03 11:57:42 +0000 2022,0,@SetengahChina Iyaaa Rata ID ,1.54E+18,,,in,,0,0,0,https://x.com/undefined/status/1543564640080183298,1.20E+18,
1.54E+18,Mon Jun 27 07:32:08 +0000 2022,9,Akhirnya layak juga untuk senyum pake gigi terima kasih https://t.co/IjqoqGSVZa https://t.co/zqCwVe5WRq,1.54E+18,https://pbs.twimg.com/media/FWPhhpfUAAEphuI.jpg,,in,,0,3,0,https://x.com/undefined/status/1541323480091611137,283639005,
1.54E+18,Thu Jun 16 16:42:38 +0000 2022,0,@metereologyy @ohmybeautybank Not sender tapi ini maksudnya kayak https://t.co/McDqZ2lmSu itu bukan kak?,1.54E+18,,metereologyy,in,,0,1,0,https://x.com/undefined/status/1537475752165134336,1.14E+18,
1.54E+18,Sat Jun 11 07:08:40 +0000 2022,4,Rata id Pemutih Gigi UWhite Kit : 539.000 : https://t.co/GQdmYajCrG https://t.co/H8P6wFQquY,1.54E+18,https://pbs.twimg.com/media/FU9CtzzaAAAdWVk.jpg,MaIeProducts,in,,0,0,0,https://x.com/undefined/status/1535519369253761024,1.48E+18,
1.53E+18,Sun Jun 05 18:15:14 +0000 2022,0,@crimsonr3dflwr @tarkoviva @ohmybeautybank Sering pas ga sengaja kefoto waktu ketawa gitu berasa jelek bgt. Pernah konsul online di https://t.co/neEt15oD4Z biaya diatas 5jt. Menurutku mahal bgt tapi pengen ngerapiin gigi ,1.53E+18,,btadineobatkamu,in,,0,0,0,https://x.com/undefined/status/1533512785765625857,1.11E+18,
1.53E+18,Fri Jun 03 07:16:08 +0000 2022,0,temen-temen ada yang pernah coba perawatan aligners dari https://t.co/uvME0FKKoo? Boleh drop reviewnya ya. Terima kasih,1.53E+18,,,in,,0,0,0,https://x.com/undefined/status/1532622143996850176,1.44E+18,
1.53E+18,Fri Jun 03 02:12:34 +0000 2022,0,@convomf pake @rata.id cari aja di ig soalnya temen ada yg pake dan dia jg gamau pake behel sama kek sender,1.53E+18,,convomf,in,,0,0,0,https://x.com/undefined/status/1532545749166137344,1.17E+18,
1.53E+18,Thu Jun 02 07:57:46 +0000 2022,0,@convomf yang rata id itu bisa,1.53E+18,,convomf,in,,0,0,0,https://x.com/undefined/status/1532270233502633984,1.28E+18,
1.53E+18,Wed Jun 01 15:54:50 +0000 2022,0,Rasanya pengen nyoba pake https://t.co/EdQTvTJ4NK ,1.53E+18,,,in,,0,0,0,https://x.com/undefined/status/1532027901604163584,3286179660,
1.53E+18,Wed May 25 06:16:42 +0000 2022,0,@__20min Rata id,1.53E+18,,__20min,in,,0,0,0,https://x.com/undefined/status/1529345696091893760,1.35E+18,
1.53E+18,Tue May 24 07:07:06 +0000 2022,0,Solusi gigi rata tanpa behel https://t.co/XAZAuRydyE,1.53E+18,,,in,,0,0,0,https://x.com/undefined/status/1528995993705848832,1079628559,
1.53E+18,Sun May 15 17:17:45 +0000 2022,0,@tanyakanrl Ada apa ya namanya. Yang bening itu loh terus dimasukin ke gigi. Dari https://t.co/R0yesgBpUZ?,1.53E+18,,tanyakanrl,in,,0,0,0,https://x.com/undefined/status/1525888174954024960,1.30E+18,
1.52E+18,Thu May 12 13:50:54 +0000 2022,0,rata(.) id ini beneran bisa ngeratain gigi gasi?,1.52E+18,,,in,,0,0,0,https://x.com/undefined/status/1524748959163461636,1.11E+18,
1.52E+18,Thu May 05 06:23:41 +0000 2022,0,Ges mau tanya rata id rekomen nggsi buat ngerapiin gigi(?),1.52E+18,,,in,,0,1,0,https://x.com/undefined/status/1522099697837428737,1.48E+18,
1.52E+18,Fri Apr 22 20:29:17 +0000 2022,0,Pgn cobain rata(.)id kepo2in ternyataa couldn t afford that haahhahaha. Tunggu gaji dua digit aamiin ️.,1.52E+18,,,in,,0,1,0,https://x.com/undefined/status/1517601455527841792,597194130,
1.51E+18,Tue Apr 12 05:18:02 +0000 2022,0,@arcywretzky Gw lagi WA-an kog ama rata id lagi nanya2,1.51E+18,,,in,,0,0,0,https://x.com/undefined/status/1513748254982172676,1.20E+18,
1.51E+18,Tue Apr 12 05:12:59 +0000 2022,5,Rata id mahal ga yah mau ratakan gigi atas karna suka dijulidin kaya omas ama mba mba dimari.,1.51E+18,,,in,,0,2,0,https://x.com/undefined/status/1513746983571259393,1.20E+18,
1.51E+18,Thu Mar 31 15:51:56 +0000 2022,0,@Askrlfess Rata. Id coba aja liat ignya i think 4 jutaan sampe bener bener rata (ga semua case bisa) ga kaya( behel yg tiap bulan kudu kontrol jadi supposedly lebih murah sih,1.51E+18,,Askrlfess,in,,0,0,0,https://x.com/undefined/status/1509559125398913033,1.40E+18,
1.51E+18,Tue Mar 29 06:09:42 +0000 2022,0,ada yang pernah pake rata id gak? pengen pake :(,1.51E+18,,,in,,0,0,0,https://x.com/undefined/status/1508687826031824900,129398523,
1.50E+18,Mon Mar 14 08:14:47 +0000 2022,0,@mirebung Ini rata . id bukan sih? Penasaran deh jadi pengen pake juga,1.50E+18,,mirebung,in,,0,1,0,https://x.com/undefined/status/1503283486953992192,1.16E+18,
1.50E+18,Sun Feb 27 10:42:20 +0000 2022,0,@stanmenfess Coba cek Rata(.)id kyaknya dia bisa buat gigi rapi juga kaya behel. Bedanya bisa dilepas pasang,1.50E+18,,stanmenfess,in,,0,0,0,https://x.com/undefined/status/1497884801595936771,1.13E+18,
1.50E+18,Sun Feb 27 07:14:05 +0000 2022,0,@ngalamfess Drg angelique sp ort di jl raya langsep. Aku dulu thn 2014 pasang aja habis 13 5 jt klo ga salah (blm biaya perawatan kyk control tiap bln copot scaling dsb). Aku udh survey bbrp drg sp ort yg lain jg yaa. Btw jaman skrng udh ads teknologi rata ID itu jg bagus kok nder hasilny,1.50E+18,,ngalamfess,in,,0,0,0,https://x.com/undefined/status/1497832391993290753,1.24E+18,
1.47E+18,Mon Feb 21 13:57:26 +0000 2022,0,@sunsskin @ohmybeautybank Uwhite go bs lgsg kliatan hasilnya tp ga yg putih cemerlang gt. Cm agak cerahan dikit.. Yg bagus tu yg Uwhite Kit nya RATA hrganya tp klo gasalah 400ribuan. Dipake 2mnggu deh seigtku.. Coba km cek ig rata .id deh,1.50E+18,,hybeescus,in,,0,1,0,https://x.com/undefined/status/1495759571381456898,1.46E+18,
1.50E+18,Mon Feb 21 07:29:51 +0000 2022,0,@ohmybeautybank Cek @rata.id di Instagram deh nderrr,1.50E+18,,ohmybeautybank,in,,0,0,0,https://x.com/undefined/status/1495662035354685444,86660256,
1.49E+18,Fri Feb 18 12:09:38 +0000 2022,0,Pengen pake rata id deh,1.49E+18,,,in,,0,0,0,https://x.com/undefined/status/1494645278317883395,1.45E+18,
1.49E+18,Thu Feb 17 14:41:02 +0000 2022,4,Untuk biaya or Harga pemasangan Rata Id itu bisa di tonton disini ya https://t.co/8q0xDx0JhR Klo kalian mau nanya kalian bisa komen di ytb or quotes aja thread ini ya,1.49E+18,,meabsolvera,in,,1,1,0,https://x.com/undefined/status/1494320994453913603,2411576940,
1.49E+18,Thu Feb 17 14:27:25 +0000 2022,1,Jadi thread ini berisi perjalanan w dari awal pake Rata id sampe (semoga) gigi rapih ya guys~,1.49E+18,,meabsolvera,in,,0,1,0,https://x.com/undefined/status/1494317566067568645,2411576940,
1.49E+18,Wed Feb 09 06:12:55 +0000 2022,0,@desninnddd @ohmybeautybank Coba deh kak cek ig nya @rata.id itu bentuknya aligner beda sama behel tp sama sama buat rapihin gigi tp emg harganya mahal,1.49E+18,,desninnddd,in,,0,1,0,https://x.com/undefined/status/1491294018340548613,1.28E+18,
1.49E+18,Sat Jan 29 06:18:03 +0000 2022,0,@Andyarys1 Konsul dulu ajaa casemu bisa ndak pake aligner aku juga maju mundur sebener e. Tapi mihils bund wakakak. Dulu aku sempet tanya ke https://t.co/BiB0aDLJLh,1.49E+18,,hydracocoo,in,,0,1,0,https://x.com/undefined/status/1487309045354565632,1.25E+18,
1.49E+18,Tue Jan 25 02:19:29 +0000 2022,0,Rosemi's Indonesian vocab is 'selamat pagi' 'wangy wangy' and 'pantat rata' ID senpai are bad influences ,1.49E+18,,,in,,0,0,0,https://x.com/undefined/status/1485799454787588096,1.35E+18,
1.49E+18,Sun Jan 23 13:38:38 +0000 2022,0,@ohmybeautybank Cek @rata.id di Instagram deh nder,1.49E+18,,ohmybeautybank,in,,0,0,0,https://x.com/undefined/status/1485245594038079492,86660256,
1.48E+18,Tue Jan 18 13:45:37 +0000 2022,0,Ada yg pake https://t.co/JkHBGAOfen gasih? Gue butuh review jujurnya dah. Worth it ga tuh segitu ya mayan juga harga nya kan.,1.48E+18,,,in,,0,0,0,https://x.com/undefined/status/1483435409069998084,71250273,
1.48E+18,Tue Jan 11 18:32:25 +0000 2022,0,Tbtb di ig suka muncul iklan yg ada anak intmnyaaa ada sarah di https://t.co/UrX5YmQCgX sm iklannya helen di colorbox,1.48E+18,,,in,,0,0,0,https://x.com/undefined/status/1480970872290562048,591475000,
1.47E+18,Sun Dec 26 23:49:48 +0000 2021,0,@ohmybeautybank Pakai UWhite nya @rata.id (IG) dehh,1.48E+18,,ohmybeautybank,in,,0,1,0,https://x.com/undefined/status/1475252536525291521,86660256,
1.47E+18,Mon Dec 20 13:55:10 +0000 2021,0,mari kumpulkan uang untuk beli https://t.co/ipCll4scy7,1.47E+18,,,in,,0,0,0,https://x.com/undefined/status/1472928565666541575,1.15E+18,
1.47E+18,Sat Dec 04 09:09:37 +0000 2021,0,@womanfeeds_id https://t.co/BuCSlhBNRf namanya,1.47E+18,,womanfeeds_id,tl,,0,0,0,https://x.com/undefined/status/1467058499213422595,98044558,
1.47E+18,Thu Dec 02 04:35:18 +0000 2021,1,@ohmybeautybank repnya pada salah nangkep maksud sendernya tuh bukan retainer tp aligner kaya merk https://t.co/GO7TjJjRFH itu lhooo,1.47E+18,,ohmybeautybank,in,,0,0,0,https://x.com/undefined/status/1466264688556011520,3229286988,
1.47E+18,Wed Dec 01 10:18:27 +0000 2021,0,@rlgxg kalo mau ga pake behel tp pengen ngeratain gigi mending pake rataid. kebetulan ibuku lagi pake itu ada promo dan harganya juga udh include semuanya,1.47E+18,,puddinggyukaku,in,,0,1,0,https://x.com/undefined/status/1465988656330465287,1.23E+18,
1.46E+18,Sun Nov 28 14:14:32 +0000 2021,0,@bertanyarl skrng ada https://t.co/TWpppxJQ2v mungkin kamu bisa cari info soal ini jg deh btw ada yg bisa dititipin menfess?,1.46E+18,,lifeblurb_,in,,0,1,0,https://x.com/undefined/status/1464960905968435208,8.65E+17,
1.46E+18,Sun Nov 28 03:23:31 +0000 2021,0,@ohmybeautybank https://t.co/I1vVITElBj itu bukan behel apa ya coba cek aja ignya harganya 11 12 sm behel,1.46E+18,,ohmybeautybank,in,,0,0,0,https://x.com/undefined/status/1464797071383293956,1.03E+18,
1.46E+18,Wed Nov 24 19:03:38 +0000 2021,0,BESOK W KE https://t.co/cUJ85hsVSe WISH ME LUCKKK,1.46E+18,,,in,,0,2,0,https://x.com/undefined/status/1463584107967893504,7.18E+17,
1.46E+18,Wed Nov 24 15:42:12 +0000 2021,0,mau nyoba pake https://t.co/pQ6q3SmYWT deh:((,1.46E+18,,,in,,0,0,0,https://x.com/undefined/status/1463533417581010955,1.16E+18,
1.46E+18,Wed Nov 24 14:04:03 +0000 2021,0,@tanyakanrl pake rata coba nder... Ada di ig @/rata.id,1.46E+18,,tanyakanrl,in,,0,0,0,https://x.com/undefined/status/1463508717748457477,1.23E+18,
1.46E+18,Sat Nov 20 07:17:27 +0000 2021,1,Baru ngeh Sarah INTM jadi model di https://t.co/wsg9H1LYPa,1.46E+18,,,in,,0,0,0,https://x.com/undefined/status/1461956841248681989,1.45E+18,
1.46E+18,Thu Nov 18 09:27:08 +0000 2021,0,@sbyfess aku di https://t.co/QnagqC3OdU kena 400an seingetku,1.46E+18,,sbyfess,in,,0,0,0,https://x.com/undefined/status/1461264702911090690,1.36E+18,
1.46E+18,Tue Nov 16 15:02:50 +0000 2021,0,@Jaqeeyss pake rata id,1.46E+18,,Jaqeeyss,in,,0,1,0,https://x.com/undefined/status/1460624409111064576,1.42E+18,
1.46E+18,Wed Nov 10 09:55:33 +0000 2021,0,@cmetadea Betul invisalign di https://t.co/dvrDDduDs8,1.46E+18,,cmetadea,in,,0,1,0,https://x.com/undefined/status/1458372751194947586,47889539,
1.36E+18,Wed Nov 10 07:47:47 +0000 2021,0,Sehingga dokter di #rataid official cuma bisa bantu retainer aja karena terganjal perjanjian tersebut. Yah sedih jg sih walau hasil lmyn. ,1.46E+18,,rottenpeanutt,in,,0,1,0,https://x.com/undefined/status/1458340595592675330,1.01E+18,
1.36E+18,Wed Nov 10 07:43:27 +0000 2021,1,Oke setelah cetak ke #rataid official di Surabaya. Klinik #rataid terampas ada di Masykur Denta Medika Jogja.,1.46E+18,,rottenpeanutt,in,,0,1,0,https://x.com/undefined/status/1458339505774071812,1.01E+18,
1.46E+18,Sun Nov 07 08:08:31 +0000 2021,0,@iwillobliviateu Emang ini sih daya tarik utamanya wkwk. Ku pake dari https://t.co/0U42tammns. Dia suka ada diskon. Pantengin aja IG nya. Ada paket jaminan rata jg. Jd klo set alignernya udh abis tp gigi blm sesuai yg kita mau bakal ada tambahan set aligner tanpa harus bayar lg.,1.46E+18,,iwillobliviateu,in,,0,1,1,https://x.com/undefined/status/1457258652436336648,119997094,
1.46E+18,Wed Nov 03 07:06:39 +0000 2021,0,Nih CS rata(.) id ga baca history chat atau gimana dah. Jadi males transaksi ‍️,1.46E+18,,,in,,0,0,0,https://x.com/undefined/status/1455793531306459136,1.26E+18,
1.45E+18,Sun Oct 31 06:56:27 +0000 2021,0,@lampungbase Kalo untuk sekarang mahal sih. Kalo aku milih yang kaya behel tapi bentung nya gigi kalo di ig itu https://t.co/MNwolmz27U coba deh itu sekitar 10 jtan juga,1.45E+18,,lampungbase,in,,0,0,0,https://x.com/undefined/status/1454703800703356934,1.13E+18,
1.45E+18,Fri Oct 29 12:02:55 +0000 2021,0,@pakeminyakwangi @ohmybeautybank @/rata.id bukann wkw,1.45E+18,,mnjadibangsawan,in,,0,1,0,https://x.com/undefined/status/1454056146625466371,1.28E+18,
1.45E+18,Thu Oct 21 14:29:03 +0000 2021,1,Congratulations @rata.id for launching new product: UWhite untuk memudahkan kita para netizen dalam memutihkan gigi #putihnyarata #bebaskansenyumanmu https://t.co/5DauQAYboT,1.45E+18,,,in,,0,0,0,https://x.com/undefined/status/1451193823040716808,145231368,
1.45E+18,Wed Oct 20 05:40:14 +0000 2021,0,@falalanana Hallo ka boleh nanya tentang https://t.co/ZouR5XDvc8 ga?,1.45E+18,,falalanana,in,,0,0,0,https://x.com/undefined/status/1450698351142334465,2411576940,
1.36E+18,Tue Oct 19 11:21:37 +0000 2021,0,#rataid so far retainer yg bawah cukup tebel dan plak jg ga gampang nempel. Masih make retainer bawah aja krm belum ke klinik buat cetak ulang.,1.45E+18,,rottenpeanutt,in,,0,1,0,https://x.com/undefined/status/1450421877105516546,1.01E+18,
1.45E+18,Mon Oct 18 02:38:14 +0000 2021,0,@ohmybeautybank Coba pakai @rata.id (ig) ajaa nder,1.45E+18,,ohmybeautybank,in,,0,1,0,https://x.com/undefined/status/1449927776056721412,86660256,
1.45E+18,Fri Oct 08 08:32:03 +0000 2021,0,@ohmybeautybank gue lebih ngerekomen pake rataid si itu reviewnya bagus2 banget worth it! gue masih nabung sampe sekarang buat rata coz sebagus itu,1.45E+18,,ohmybeautybank,in,,0,0,0,https://x.com/undefined/status/1446392938234216450,1014910237,
1.45E+18,Thu Oct 07 12:32:08 +0000 2021,0,ada yg pernah pake rata id ga sih share pengalamannya dong,1.45E+18,,,in,,0,0,0,https://x.com/undefined/status/1446090969581903874,756689005,
1.45E+18,Wed Oct 06 02:28:34 +0000 2021,0,@Zulfamuu pake alignernya https://t.co/MZIpxrW2uI,1.45E+18,,Zulfamuu,in,,0,1,0,https://x.com/undefined/status/1445576688260116485,306075950,
1.44E+18,Sun Oct 03 11:07:48 +0000 2021,0,@ohmybeautybank Rata id harus keklinik dulu ya? Pengen tapi msalahnya jauhhh dari rumah,1.44E+18,,ohmybeautybank,in,,0,0,0,https://x.com/undefined/status/1444620192584138763,1.22E+18,
1.44E+18,Wed Sep 29 01:21:04 +0000 2021,1,@ohmybeautybank Coba pake produk barunya https://t.co/2GJhmpWjlq (IG) namanya UWhite!!,1.44E+18,,ohmybeautybank,in,,0,0,0,https://x.com/undefined/status/1443022987691638791,86660256,
1.44E+18,Tue Sep 28 01:54:14 +0000 2021,0,@bertanyarl Pake aligner kaya punya https://t.co/uHCkEWlCEd kisaran 5-6jt deh kayanya,1.44E+18,,bertanyarl,in,,0,0,0,https://x.com/undefined/status/1442668942669930500,77951842,
1.44E+18,Tue Sep 21 12:29:32 +0000 2021,0,@bertanyarl kalo mau pake @/rata.id di ig tapi dia program gitu mahal,1.44E+18,,bertanyarl,in,,0,0,0,https://x.com/undefined/status/1440292108263247881,1.18E+18,
1.43E+18,Tue Aug 10 10:09:22 +0000 2021,0,@ohayosaka Drg anya di klinik https://t.co/xRa1Nbv5tW senayan hehehe,1.43E+18,,the_new_jeans,in,,0,1,0,https://x.com/undefined/status/1425036545170440195,175824107,
1.42E+18,Fri Aug 06 18:07:51 +0000 2021,0,w nabung buat beli https://t.co/cE6QBefVe9 dari harga 7 juta sampe 15 juta lama2 naik terus kapan belinya ,1.42E+18,,,in,,0,0,0,https://x.com/undefined/status/1423707407306264578,1.11E+18,
1.42E+18,Mon Aug 02 06:01:45 +0000 2021,0,@putdash Put aku mah menyerah lepas dan akhirnya masalah bertahun2 beres pake aligner https://t.co/Wf6M9EJvEz hahaha,1.42E+18,,putdash,in,,0,1,0,https://x.com/undefined/status/1422075124950265857,105406446,
1.42E+18,Thu Jul 29 03:30:09 +0000 2021,0,@aamirudinn27 ga usah pake behel kurang bagus. coba ke ignya rata id https://t.co/eqLfw1kzBe,1.42E+18,,,in,,0,0,0,https://x.com/undefined/status/1420587421775720453,100413055,
1.42E+18,Wed Jul 28 08:49:30 +0000 2021,0,Mau share dikit deh pengalaman aku pakai Rata. Hasilnya bener-bener se-oke itu sampai bikin aku pengen banget rekomendasiin ini ke kalian. Buat kamu yang pengen punya pengalaman kayak aku cus gunakan promo code ini biar harganya makin terjangkau. Selamat mencoba ️ #rataid https://t.co/BqZbxjRBht,1.42E+18,https://pbs.twimg.com/media/E7XwOj_VIA0j3bR.jpg,,in,,0,0,0,https://x.com/undefined/status/1420305403628249089,145231368,
1.42E+18,Wed Jul 28 01:36:25 +0000 2021,0,@convomf Pake behel yg bening itu loh nder.. tau gak??? Liat dah di ig https://t.co/2bgh0i2Igy,1.42E+18,,convomf,in,,0,0,0,https://x.com/undefined/status/1420196413548339203,1.33E+18,
1.42E+18,Tue Jul 27 09:49:42 +0000 2021,0,Caranya gampang banget. Tinggal chat ke cs https://t.co/gEeO3UjeAP 082252228838 lalu bilang Anita Kurniawati (Kode: Anita7202) lalu udah deh langsung bisa transaksi dan konsultasi kayak biasa. Lumayan loh bonus dan cashbacknya soalnya gak tiap saat promo ini ada.,1.42E+18,,YouHediye,in,,1,0,0,https://x.com/undefined/status/1419958163130839046,361969954,
1.42E+18,Tue Jul 27 09:49:41 +0000 2021,1,Sedang ada promo nih dari https://t.co/gEeO3UjeAP kalau kalian pakai kode promo aku. Lumayan banget benefitnya bisa dapat harga jauh lebih hemat daripada tanpa kode promo. -cashback 800k -free retainer 2jt -free konsul dokter -free threatment 300k Mau tau caranya? https://t.co/j8ROuAivu8,1.42E+18,https://pbs.twimg.com/media/E7SzN8kVIAArXqF.jpg,,in,,0,1,0,https://x.com/undefined/status/1419958159704133634,361969954,
1.42E+18,Tue Jul 20 11:30:59 +0000 2021,0,@womanfeeds_id Definitely no. Mending yg udh pasti aja kan sekarang udah ada https://t.co/LKR0LKNgGT https://t.co/jq2eOoAQZ8 smiley.indo kalo emg mau yang bisa benerin gigi pake alingner gini. Kalo ga ya langsung pake behel..,1.42E+18,,womanfeeds_id,in,,0,0,0,https://x.com/undefined/status/1417446939134627841,2919871663,
1.42E+18,Sun Jul 18 04:19:29 +0000 2021,1,@bertanyarl Mba coba deh cek ig nya https://t.co/LBGRUzYQ4w kayanya bs jd solusinya mba yg mau rapihin gigi tanpa behel,1.42E+18,,bertanyarl,in,,0,0,0,https://x.com/undefined/status/1416613572256296960,192111780,
1.41E+18,Sun Jun 27 10:08:38 +0000 2021,0,@bertanyarl Pake clear aligner/invisialign aja ndeeerrr emg sih agak pricey tapi ngga kaya pake behel yang harus kontrol tiap bulan. Terus transparant pula jd ngga ganggu penampilan. Aku pake dari https://t.co/EceYY7pwNs,1.41E+18,,bertanyarl,in,,0,0,0,https://x.com/undefined/status/1409091291351195651,1.19E+18,
1.41E+18,Fri Jun 25 10:47:40 +0000 2021,0,@womanfeeds_id Coba cek ini dulu kali ya nder at least ini gak permanen digigi kamu. Gigi itu punya saraf yang banyak jadi nggak boleh sembarang orang yang handle https://t.co/L2YIkDKmv0,1.41E+18,,womanfeeds_id,in,,0,0,0,https://x.com/undefined/status/1408376341368426498,108574010,
1.41E+18,Wed Jun 23 08:56:34 +0000 2021,0,@bertanyarl klo misalkan mau coba yg tanpa kawat gigi aku bisa sarankan coba disini nder: https://t.co/DulYKJClJL,1.41E+18,,lifeofita,in,,0,0,0,https://x.com/undefined/status/1407623604641038340,1.36E+18,
1.41E+18,Tue Jun 22 16:35:17 +0000 2021,0,@bertanyarl Guys klo pake https://t.co/Yqu77F0k70 aman gak sii?,1.41E+18,,bertanyarl,in,,0,0,0,https://x.com/undefined/status/1407376656566611978,1.31E+18,
1.41E+18,Thu Jun 17 01:25:48 +0000 2021,6,Info loker dari https://t.co/oV5TTXzoeq untuk berbagai posisi https://t.co/ZUKqLmYUAp,1.41E+18,https://pbs.twimg.com/media/E4DBd8VXoAIw9Tr.jpg,,in,,0,0,1,https://x.com/undefined/status/1405335837340954625,1.39E+18,
1.40E+18,Tue Jun 15 04:29:56 +0000 2021,0,@rzkirdha https://t.co/VcLAWMDtDM kyk behel tp transpran gitu om,1.40E+18,,rzkirdha,in,,0,0,0,https://x.com/undefined/status/1404657403178590213,21550366,
1.40E+18,Fri Jun 11 07:19:55 +0000 2021,0,Dr ortho sy sudah menyerah kayaknya. Berniat pake https://t.co/rScwftnCnL worth it ga si? masalah gigi sy ga selesai2 dr SMA. Bener2 dah nih ngapa yg genetic jele2 nya ayah diturunin ke aq ,1.40E+18,,,in,,0,1,0,https://x.com/undefined/status/1403250627870818306,186293540,
1.40E+18,Tue Jun 08 14:36:24 +0000 2021,0,@sygfess 6-7 JT kalo aku :( tergantung gigi kamu sii. mending pake aligner aja nder sumpah lebih murah dari behel. coba cek https://t.co/wHdfzvQUwc di ig temenku make itu enak banget katanya ,1.40E+18,,sygfess,in,,0,0,0,https://x.com/undefined/status/1402273307911766016,1.38E+18,
1.40E+18,Sun Jun 06 03:48:07 +0000 2021,0,@dhetadhania Coa buka di ig https://t.co/sw0zroqHho deh mungkin lebi jelas,1.40E+18,,petite_mama_,in,,0,0,0,https://x.com/undefined/status/1401385386106970112,89695021,
1.40E+18,Thu Jun 03 07:02:51 +0000 2021,0,@ohmybeautybank Gigiku persis kaya gtu gigi depan jomplang sebelah pengen pasang behel tapi kok tergiur pake https://t.co/dvSqjEppmh,1.40E+18,,ohmybeautybank,in,,0,1,0,https://x.com/undefined/status/1400347231354376197,1.12E+18,
1.40E+18,Tue Jun 01 05:58:07 +0000 2021,0,@alviasaf @ohmybeautybank Kamu pakai https://t.co/BKgIKEqtPQ kak?,1.40E+18,,alviasaf,in,,0,0,0,https://x.com/undefined/status/1399606164703244297,3035382414,
1.40E+18,Mon May 31 21:45:41 +0000 2021,3,@ohmybeautybank Beb ku saranin pakai https://t.co/IL8GGl4dwf aja. Ada jamaninan nya smpe gigi mu rapih. Pemakaian pun jauh lebih cepet kurleb cm 3-6bulan,1.40E+18,,ohmybeautybank,in,,0,2,0,https://x.com/undefined/status/1399482238056636416,2584025011,
1.40E+18,Fri May 28 05:16:44 +0000 2021,2,@ohmybeautybank pake aligner aja cek ig https://t.co/o3xklvbQ6o,1.40E+18,,ohmybeautybank,in,,0,0,0,https://x.com/undefined/status/1398146196309372930,1371040027,
1.40E+18,Thu May 27 06:51:25 +0000 2021,0,Kalo klaim dari https://t.co/3sWYjWAbMn bener udah punya 12.000 user hingga saat ini dan asumsi jasmed buat drg yang nyetak cetakan awal pasien dapet @ 1juta Rupiah berarti https://t.co/3sWYjWAbMn udah ngasih sekitar 12 milyar Rupiah ke drg-drg di Indonesia. Good job! ,1.40E+18,,,in,,0,1,0,https://x.com/undefined/status/1397807639313010692,163777200,
1.40E+18,Tue May 25 20:47:11 +0000 2021,0,@ohmybeautybank Pake alligner dari rata id atau zenyum nder kayanya lagi promo 4 9 all,1.40E+18,,ohmybeautybank,in,,0,0,0,https://x.com/undefined/status/1397293190969925632,2903138047,
1.40E+18,Tue May 25 20:45:32 +0000 2021,0,@ohmybeautybank Kl km dom jkt coba ke booth nya rata(.id) soalnya bs konsul jg. Atau gak ke ignya aja,1.40E+18,,ohmybeautybank,in,,1,0,0,https://x.com/undefined/status/1397292774853025792,2827641001,
1.38E+18,Sat Apr 10 10:34:14 +0000 2021,0,yaallah rata id lagi diskon 50% aku pengen,1.38E+18,,,in,,0,0,0,https://x.com/undefined/status/1380831481753395209,819504102,
1.38E+18,Fri Apr 09 07:13:15 +0000 2021,3,Hehe pegen cerita di twitter aja deh msh blm yakin mau share di ig atau engga hmm jd singkat cerita gue lg sebel sama /rata.id trs mrk ngepost igtv nih ditarok di main page eh kliatan ada comment yg blg klo complain org2 pada dihapus sm mrk akhirnya gue kepikiran ... 1/3,1.38E+18,,,in,,1,1,2,https://x.com/undefined/status/1380418513806839808,52620035,
1.38E+18,Tue Mar 30 15:07:52 +0000 2021,0,Penasaran banget sama https://t.co/ss5qjJXc3L tapi takut zonk alias takut nanti harganya malah muahal bgt kena ini itu,1.38E+18,,,in,,0,1,0,https://x.com/undefined/status/1376914078409449478,8.92E+17,
1.38E+18,Tue Mar 30 03:23:21 +0000 2021,0,@piss_me @ohmybeautybank Temen aku pake dari rata@id 8 bulan udah rapi serapi2nyaaaa. tapi gatau kedepannya gimana? Bakal berantakan lg apa ngga.,1.38E+18,,piss_me,in,,0,0,0,https://x.com/undefined/status/1376736781161263105,1.09E+18,
1.38E+18,Mon Mar 29 14:56:43 +0000 2021,0,@ohmybeautybank Katanya https://t.co/4jLHP5wz2Z progresnya lebih cepet. Ya gasih? Emang masih belum umum sih di kalangan kita. Tp kalo km tipe yg gak pede pake behel mungkin bs nyoba yg https://t.co/4jLHP5wz2Z,1.38E+18,,ohmybeautybank,in,,0,0,0,https://x.com/undefined/status/1376548882843267081,1.23E+18,
1.38E+18,Mon Mar 29 14:47:18 +0000 2021,0,@ohmybeautybank Aku pribadi pake behel sih belum pernah nyoba yg kayak https://t.co/mZO0wFgt5W gitu tapi menurutku daya tahan behel lebih lama. Cost wise sih tbh hampir sama tapi emang pake behel tuh sangat tidak nyaman ,1.38E+18,,ohmybeautybank,in,,0,0,0,https://x.com/undefined/status/1376546512017059844,1062439640,
1.38E+18,Sun Mar 28 09:19:32 +0000 2021,0,@dashowyoubackup @hrdbacot coba ke @ https://t.co/Xttn7QELqj di IG mba,1.38E+18,,marimellorinee,in,,0,0,0,https://x.com/undefined/status/1376101638952263686,1.29E+18,
1.36E+18,Sat Mar 13 12:16:21 +0000 2021,0,#rataid pro tips: - Pakai sikat gigi 0.01mm. Buat gosok gigi dan bersihin aligner. Rekomended buat bersihin sampai sela-sela. - kalau makan makanan yang rawan bikin plak (nasi bubur biskuit dll) walau abis gosok gigi tetep kumur air. Kalau nempel alligner susah dibersihin.,1.37E+18,,rottenpeanutt,in,,1,1,1,https://x.com/undefined/status/1370710321870999553,1.01E+18,
1.36E+18,Sat Mar 13 12:11:44 +0000 2021,0,#rataid Tiap pagi walau semalem sudah gosok gigi selalu ada plak yg nempel ke alligner. Usahain abis dilepas segera dibersihin baru makan. Kalau gak direndem dulu di air putih setelah makan baru dibersihin. Rawan mengeras dan kering kalau terlalu lama kontak udara.,1.37E+18,,rottenpeanutt,in,,0,1,0,https://x.com/undefined/status/1370709157091758080,1.01E+18,
1.36E+18,Sat Mar 13 12:09:17 +0000 2021,0,#rataid jadi attachment copot 1 lagi. Tapi masih dibilang gapapa sama cs. Progress set ke 3 gigi depan atas sebiji yang emg agak maju udah gerak dikit kok. Udah mundur lumayan.,1.37E+18,,rottenpeanutt,in,,0,1,0,https://x.com/undefined/status/1370708540625682432,1.01E+18,
1.36E+18,Sun Feb 21 10:57:22 +0000 2021,2,@subtanyarl Mending pake behel kalo kataku karena lebih cepet. Aku kemaren gasampe setahun dan tanpa cabut gigi. Abis itu di kasih retainer ama dokternya kaya yang dari rata id itu dan jatuhnya menurutku lebih worth it,1.36E+18,,subtanyarl,in,,0,1,0,https://x.com/undefined/status/1363442684807929861,1.30E+18,
1.36E+18,Thu Feb 18 03:51:41 +0000 2021,1,https://t.co/4RhVriDVTr Clear Aligner Tidak Mampu Menangani Keluhan Pelanggan - https://t.co/rcXAm1lkLM,1.36E+18,,,in,,0,0,1,https://x.com/undefined/status/1362248394144636932,1117529034,
1.36E+18,Sat Feb 13 18:17:25 +0000 2021,0,@sbyfess Kalau buat perawatan bukan yg buat gaya2an ya.. musti cek dulu kondisi gigi terutama graham ada yg musti di cabut ada yg nggak ntahlah kyk prosedur gt. Nek aku mending pake aligners nya rata id lbh mahal tp wes all in nggak atek perawatan prosedur ini itu. Kembali ke km gmn,1.36E+18,,sbyfess,in,,0,0,0,https://x.com/undefined/status/1360654323571564545,2922806892,
1.36E+18,Fri Feb 12 03:25:51 +0000 2021,0,@beauthingy coba cek https://t.co/rg9weGJPEg di ig nderr,1.36E+18,,beauthingy,in,,0,0,0,https://x.com/undefined/status/1360067568808022024,1.26E+18,
1.36E+18,Tue Feb 09 03:29:04 +0000 2021,0,@sbyfess pake aligment nya rata id aja,1.36E+18,,sbyfess,in,,0,0,0,https://x.com/undefined/status/1358981214535778306,2922806892,
1.36E+18,Sat Feb 06 05:59:04 +0000 2021,0,@syeosw ya kaan kaget jg sebulan udah rapi eh iya itu https://t.co/tUQicm3qCN sebagus itu ga ya?,1.36E+18,,syeosw,in,,0,1,0,https://x.com/undefined/status/1357931799461072897,1.29E+18,
1.36E+18,Sat Feb 06 05:56:58 +0000 2021,0,@rynaverse Aslii ya teknologi aku dulu harus pake behel 5 tahun disini sekarang banyak yang pake Dental Aligner https://t.co/eDjtFPRzbw,1.36E+18,,rynaverse,in,,0,1,0,https://x.com/undefined/status/1357931270559338499,1.33E+18,
1.35E+18,Sun Jan 24 09:57:25 +0000 2021,0,@tanyainrl pake dental aligner coba cek aja ignya https://t.co/9DB4KRLVrg,1.35E+18,,tanyainrl,in,,0,0,0,https://x.com/undefined/status/1353280739823869954,1.29E+18,
1.35E+18,Mon Jan 18 08:37:31 +0000 2021,0,@hokiforiego @subtanyarl gpp sama aja panggilan nya xixixi malah menurut aku ya renggang gitu lebih bagus pake clear aligner nder tapi kalo mau lebih yakin bisa konsul online https://t.co/IBYnlHJf09 nya langsung biar mereka bisa diagnosa kamu bisa pake atau ga ,1.35E+18,,mxmaroon_,in,,1,3,0,https://x.com/undefined/status/1351086305627791360,2506883690,
1.35E+18,Mon Jan 18 08:35:34 +0000 2021,0,@hyungwonixs @subtanyarl nder kalo kamu bimbang ak kasih rekomen buat konsul gratis ke https://t.co/IBYnlHJf09 nya (ini clear aligner ya),1.35E+18,,hyungwonixs,in,,0,1,0,https://x.com/undefined/status/1351085813501722624,2506883690,
1.35E+18,Sun Jan 17 07:03:03 +0000 2021,0,@Askrlfess Pake Rata id (?),1.35E+18,,Askrlfess,in,,0,0,0,https://x.com/undefined/status/1350700142475632640,8.40E+17,
1.35E+18,Sun Jan 17 06:59:49 +0000 2021,0,@Askrlfess bisa make retainer di rata id tapi buat budget hampir sama aja bahkan cenderung lebih mahal dari pasang behel di sp ortho,1.35E+18,,Askrlfess,in,,0,0,0,https://x.com/undefined/status/1350699328084480000,9.78E+17,
1.35E+18,Wed Jan 13 00:57:37 +0000 2021,0,@tanyainrl pen tau juga sering liat rata(id) iklannya menarik sekali,1.35E+18,,tanyainrl,in,,0,0,0,https://x.com/undefined/status/1349158627261599745,270792881,
1.35E+18,Tue Jan 05 15:17:10 +0000 2021,0,@tanyainrl Dan struktur gigi tiap org beda. Atau kl km ttp kekeh mau pake retainer coba di https://t.co/ryiutKiZbs. itu udah jelas prosesnya gimana2 berapa lama waktunya proses cetak etc dibanding asal beli di olsop,1.35E+18,,Sondongdorino,in,,0,0,0,https://x.com/undefined/status/1346475839022538754,1.28E+18,
1.35E+18,Sun Jan 03 01:28:30 +0000 2021,0,Liat-liat review https://t.co/20fdPnb0gR meyakinkan juga,1.35E+18,,,in,,0,0,0,https://x.com/undefined/status/1345542519858163713,1605788556,
1.34E+18,Sat Dec 26 11:09:51 +0000 2020,0,@yourbaeutybase kenapa ga sekalian https://t.co/IqQzVOJA49 aja setau aku behel keramik tuh tebel dan lebih ganyaman dari behel bissa,1.34E+18,,womenfeeds_id,in,,0,1,0,https://x.com/undefined/status/1342789720309256198,1.25E+18,
1.34E+18,Fri Dec 11 02:14:58 +0000 2020,0,Rapihin gigi di https://t.co/b1AMKOaE5O,1.34E+18,,,in,,0,0,0,https://x.com/undefined/status/1337219294820585472,556782241,
1.33E+18,Fri Dec 04 13:15:27 +0000 2020,0,@bloomingra Halo ka mau nanya giman perkembangan giginya setelah pake https://t.co/GVo1o5DEVc maaf bgt aku jbjb lagi pertmbangin juga ini worth mana dibandingin behel ,1.33E+18,,bloomingra,in,,0,1,0,https://x.com/undefined/status/1334848793989111815,1.06E+18,
1.33E+18,Mon Nov 30 16:00:17 +0000 2020,2,pake clear aligner https://t.co/O2OFpc2Xei set ke 6 lumayan ngilu hari pertamaa :)),1.33E+18,,,in,,0,2,0,https://x.com/undefined/status/1333440724214325249,2995991269,
1.33E+18,Tue Nov 24 18:34:50 +0000 2020,0,@OmBruBANS Yupp keren emang https://t.co/iN9GTMGct4,1.33E+18,,OmBrunyaBeby_,in,,0,0,0,https://x.com/undefined/status/1331305289224622081,592483457,
1.33E+18,Tue Nov 24 16:37:07 +0000 2020,145,Sapa nih talent iklan rata id ini? Cakep uga,1.33E+18,,,in,,0,6,0,https://x.com/undefined/status/1331275666336083968,775011194,
1.33E+18,Tue Nov 24 15:41:36 +0000 2020,4,Kalau pakai https://t.co/o5Xcz1Ipp4 gigi yang social distancing bisa merapat lagi ga ya?,1.33E+18,,,in,,0,2,0,https://x.com/undefined/status/1331261697139511297,2912464614,
1.33E+18,Sat Nov 21 09:22:54 +0000 2020,0,teteh model iklan ig https://t.co/ksS3XJOxIi lucu pisan. ada yg tau ignya?,1.33E+18,,,in,,0,0,0,https://x.com/undefined/status/1330079229334216705,9.92E+17,
1.33E+18,Sun Nov 15 14:13:16 +0000 2020,1,@squidwardfess klo lu gamasalah soal harga pake https://t.co/BumuCBeN95 di igeh cari. tapi klo lu mempermasalahkan budget gausah diapa apain itu udah bagus bersyukur aja gak maju segitumah emg kodratnya,1.33E+18,,squidwardfess,in,,0,0,0,https://x.com/undefined/status/1327977975552196608,8.30E+17,
1.32E+18,Sat Nov 07 07:46:46 +0000 2020,0,Nih link nya siapa tau ada yang kepo :) https://t.co/AmMLaNnITZ,1.32E+18,,Cambleh_,in,,0,0,0,https://x.com/undefined/status/1324981605484539904,554303205,
1.32E+18,Sat Nov 07 07:42:58 +0000 2020,0,Jadi https://t.co/p6bTuzpBvy ini musti cetak gigi dulu scaling dll di klinik offline rata atau klinik mitra rata. Ada beberapa pasang jadi ada step nya. Nah di ig promo nya bisa di cicil giliran ditanyain di WA jawabanya harus cash anjay ,1.32E+18,,Cambleh_,in,,0,1,0,https://x.com/undefined/status/1324980651481735170,554303205,
1.32E+18,Wed Nov 04 16:12:27 +0000 2020,0,@sadturdiee Apaan rataid?,1.32E+18,,sadturdies,in,,0,1,0,https://x.com/undefined/status/1324021700980166656,9.67E+17,
1.32E+18,Wed Nov 04 00:43:02 +0000 2020,0,@kynderjoyy Mendingan pake retainer (?) Yg kayak rataid atau sejenisnya,1.32E+18,,kynderjoyy,in,,0,1,0,https://x.com/undefined/status/1323787806318059520,57634930,
1.32E+18,Mon Nov 02 05:59:07 +0000 2020,0,@youformine Pakai rata. Id aja. Bagus kok,1.32E+18,,youformine,in,,0,1,0,https://x.com/undefined/status/1323142575704875009,556782241,
1.32E+18,Sat Oct 31 14:48:04 +0000 2020,3,Ada yang pernah pake rata . id taaa. Review poo recommend gaa -rek aku pengen coba tp maju mundur,1.32E+18,,,in,,0,1,1,https://x.com/undefined/status/1322550913177845760,1.15E+18,
1.32E+18,Thu Oct 22 15:48:23 +0000 2020,0,SOLUSI RATAIN GIGI BERANTAKAN TANPA BEHEL DENGAN https://t.co/7iZUqqoN4S https://t.co/JTUWX2Z1dQ via @YouTube Narsis dikit ehehe,1.32E+18,,,in,,0,0,0,https://x.com/undefined/status/1319304603964379140,2308655779,
1.32E+18,Wed Oct 21 13:40:30 +0000 2020,0,Karena merawat gigi termasuk self investment #rataid https://t.co/diElVryz6O,1.32E+18,https://pbs.twimg.com/media/Ek21rZrU8AEDuPF.jpg,,in,,0,0,0,https://x.com/undefined/status/1318910031912333313,31363581,
1.32E+18,Mon Oct 12 16:56:34 +0000 2020,0,Selama pake aligner dari https://t.co/Q8q2H5UWUs kegiatan nyemil gue terhambat. Mager bat copot pasangnya cuma gegara pen mam es krim. ,1.32E+18,,,in,,1,2,1,https://x.com/undefined/status/1315697882444554240,39452037,
1.32E+18,Sun Oct 11 05:40:38 +0000 2020,0,Bingung mau pakai Zenyum / https://t.co/bbvXSUOHvv / Behel ,1.32E+18,,,in,,0,0,0,https://x.com/undefined/status/1315165390201212928,3232324440,
1.31E+18,Sat Oct 10 13:44:12 +0000 2020,1,Knp ya hari ini nanya pasang behel sm tanya2 di rata(.)id dua-duanya blg kalau ada promo hanya utk hari ini aja. Jgn2 kalo w ngubunginnya kmrn bakal dibilang promonya cm kmrn juga. Pernah baca ini strategi bisnis apa gt mereka bikin calon pembeli harus transaksi hari ini.,1.31E+18,,,in,,0,0,0,https://x.com/undefined/status/1314924698090627073,49545956,
1.31E+18,Sun Oct 04 13:00:22 +0000 2020,0,While we are at it pengen nyobain https://t.co/6A389eb9nk tapi beneran ngaruh ga guys. Aku sepertinya terlalu tua untuk behel ,1.31E+18,,ElokPutput,in,,0,1,0,https://x.com/undefined/status/1312739339307106304,499732180,
1.31E+18,Fri Oct 02 16:01:41 +0000 2020,1,Tiba2 Ngefans sama bintang iklan https://t.co/90l2qhlsU6 yg rambut pendek :(,1.31E+18,,,in,,0,0,0,https://x.com/undefined/status/1312060192045953025,1.31E+18,
1.31E+18,Sun Sep 27 01:30:57 +0000 2020,1,@Shining00101 @omybeautybank Ga direkomendasikan apalagi beli online. Nggak tau kasus sebenernya kayak gimana. Keculai emang pake invisalgin (bentuk sama kayak rataid) tp dia di dokter spesialis jd lebih terpercaya,1.31E+18,,Shining00101,in,,0,0,0,https://x.com/undefined/status/1310029124816101376,1.20E+18,
1.31E+18,Sun Sep 27 01:22:08 +0000 2020,0,@omybeautybank Coba cek ig nya rataid dia itu semacam behel tapi bisa lepas pasang terus kemungkinan proses rapihinnya 9bln an,1.31E+18,,ITSOMBB,in,,0,1,0,https://x.com/undefined/status/1310026905479860224,1.24E+18,
1.31E+18,Wed Sep 23 16:44:21 +0000 2020,0,https://t.co/WvOB5yyNjA scam gak sih?!?!,1.31E+18,,,in,,0,0,0,https://x.com/undefined/status/1308809438807994369,17988176,
1.31E+18,Tue Sep 22 16:35:26 +0000 2020,0,nabung supaya bisa pake https://t.co/xDUlR1DQRJ,1.31E+18,,,tl,,0,1,0,https://x.com/undefined/status/1308444806050242561,1.05E+18,
1.27E+18,Mon Sep 21 16:01:28 +0000 2020,0,@puffumii @subtanyarl berpaan kak habisnya.. ia bner t rata id 2020 mahal bner wkwk 7 jtan,1.31E+18,,puffumii,in,,0,1,0,https://x.com/undefined/status/1308073872193773568,1.26E+18,
1.27E+18,Mon Sep 21 15:58:09 +0000 2020,0,@Namamuaw @subtanyarl Setelah dibehel iya gigi jd lbh rapi trus dilanjut retainer biar gigi tetep pd posisinya jd g cuma pake retainernya aja. Klo aligner dari rata id itu aku ga pake.,1.31E+18,,Namamuaw,in,,0,1,0,https://x.com/undefined/status/1308073037099495424,139114161,
1.19E+18,Mon Sep 21 15:24:24 +0000 2020,0,@lylemaulina boleh review kak? rencna mau gunain https://t.co/AmJ2uBNqRK juga kak,1.31E+18,,lylemaulina,in,,0,1,0,https://x.com/undefined/status/1308064541599698946,1.26E+18,
1.31E+18,Wed Sep 16 11:40:55 +0000 2020,0,Itu beneran gigi bisa rapi pake https://t.co/SSyuqOVgWB ? Jadi kepengen,1.31E+18,,,in,,0,0,0,https://x.com/undefined/status/1306196363101663235,171136307,
1.31E+18,Wed Sep 16 10:30:00 +0000 2020,41,eh pada tau https://t.co/54Y2rPefAe ngga? itu clear aligner yang bisa ratain gigi pengganti behel ngga sesakit behel terus lebih efisien waktu sama harganya bentuknya transparan jadi ngga bakal ditanya eh lo pake behel sekarang? tau2 gigi kalian udah rata aja #BebaskanSenyum,1.31E+18,,bayu_joo,in,,0,0,2,https://x.com/undefined/status/1306178517579702273,72842511,
1.31E+18,Wed Sep 16 10:18:18 +0000 2020,140,jadi mulai sekarang bebasin aja senyum kalian karena setiap hari pasti ada alesan senyum contoh: - chat dibales cepet - saldo rekening nambah - abis liat video kucing walaupun kadang buat senyum itu butuh support sistem kayak https://t.co/54Y2rPefAe yang bikin bebas senyum,1.31E+18,,bayu_joo,in,,0,3,22,https://x.com/undefined/status/1306175572427464704,72842511,
1.30E+18,Sat Sep 12 14:16:36 +0000 2020,0,cewe yang nongol di iklannya https://t.co/T5BtlSxKlX boleh boljug ya,1.30E+18,,,in,,0,0,0,https://x.com/undefined/status/1304785989047476224,1204518408,
1.30E+18,Fri Sep 04 05:06:28 +0000 2020,0,@subtanyarl cek ig RATA ID nder cobaa..bisa konsultasi gratiss,1.30E+18,,subtanyarl,in,,0,0,0,https://x.com/undefined/status/1301748443170271232,1.26E+18,
1.30E+18,Thu Sep 03 01:57:49 +0000 2020,0,@rlthingy gatauuu kalo behel tp cobain pake aligner @.rata.id (ig) aja nderr 7 5jtan atas bawah,1.30E+18,,rlthingy,in,,0,0,0,https://x.com/undefined/status/1301338580606803968,9.84E+17,
1.30E+18,Mon Aug 24 00:07:02 +0000 2020,0,@rlthingy Coba cek @/rata.id di IG,1.30E+18,,rlthingy,in,,0,0,0,https://x.com/undefined/status/1297686820193308672,2646249842,
1.29E+18,Wed Jul 22 07:20:55 +0000 2020,1,@beauthingy Mending behel nder klo aligner gt kek https://t.co/oYVJmmH2Em apa2 harus sendiri. Klo ke dokter kan lebih tau perkembangan gigi apalagi tatap muka jg. Pake behel ga sampe 10jt kok,1.29E+18,,beauthingy,in,,0,0,0,https://x.com/undefined/status/1285837209468166144,750872516,
1.29E+18,Mon Jul 20 06:27:32 +0000 2020,1,@mlgcollegefess selain behel bisa pake aligner coba cek https://t.co/C34mo4yOvR. tapi ya sama mahalnya kaya pake behel,1.29E+18,,blockvest_,in,,0,0,0,https://x.com/undefined/status/1285098999754526721,1.12E+18,
1.28E+18,Sun Jul 19 10:19:28 +0000 2020,3,Pertanyaan pasien yang paling sering ditanyain ; Dok gigi saya kalo minum dingin ngilu banget! Gigi saya sensitif deh kayanya Yuk ngobrol2 tentang gigi sensitif bareng aku di https://t.co/YljSMtnNtW See yaa! https://t.co/XyLukeNUpq,1.28E+18,https://pbs.twimg.com/media/EdSCOQNU8AEmOND.jpg,,in,,0,1,2,https://x.com/undefined/status/1284794981903818752,46387109,
1.28E+18,Sat Jul 18 21:15:40 +0000 2020,12,@moonbuckss @subtanyarl maaf jb jb aku abis liat di pin kamu barusan. coba pake clear aligner aja di https://t.co/TceCF09kR6 dibanding behel yg katanya sakit. harganya emang agak pricey sih cuman ya ga perlu check up berulang kali kaya pake behel yg kalo ditotalin jauh lebih mahal dibanding aligner,1.28E+18,,,in,,0,0,1,https://x.com/undefined/status/1284597731328004097,9.95E+17,
1.28E+18,Thu Jul 16 14:21:32 +0000 2020,0,@thisstorysofar Pgn beli rata(.)id apaya namanya di ig. Lebih murah drpd behel sih ga perlu bnyk duit kontrolll,1.28E+18,,,in,,0,0,0,https://x.com/undefined/status/1283768736231469057,7.33E+17,
1.28E+18,Tue Jul 14 13:42:25 +0000 2020,0, kalo mau pake teeth trainer (yg kaya behel tapi bening itu lo yg katanya cuma 6 bulan gitu biasanya yg suka lewat di ig nemo tu https://t.co/eZnvBdFi5e) tetep harus konsultasi dulu sama dr. gigi soalnya bisa jadi kita gaboleh ini gigi kita gabisa itu. -c,1.28E+18,,yellowiieee,in,,0,1,0,https://x.com/undefined/status/1283034116070559745,1.11E+18,
1.28E+18,Sun Jul 05 05:33:59 +0000 2020,0,@udarifki https://t.co/qKUFaOvSua aligner gigi gw ga beli tar ginsul gw jd rata wkwk,1.28E+18,,udarifki,in,,0,0,0,https://x.com/undefined/status/1279649708504346629,234744541,
1.28E+18,Thu Jul 02 17:15:12 +0000 2020,0,@ohmybeautybank Kalau liat di insta story molita lin bisa pakai produk dri https://t.co/SvON5M4Far di instagram kak.,1.28E+18,,ohmybeautybank,in,,0,0,0,https://x.com/undefined/status/1278739008546201601,196591752,
1.28E+18,Sat Jun 27 09:51:42 +0000 2020,0,@vinokitink 9.9 gan tapi ono sing model plastik bening wkwk https://t.co/QqBWoLcqIC,1.28E+18,,MangBadjingan,in,,0,1,0,https://x.com/undefined/status/1276815460776828930,40880158,
1.28E+18,Sat Jun 27 06:04:14 +0000 2020,0,@vinokitink Luwih murah seko https://t.co/ugJSa0l2MN ?,1.28E+18,,MangBadjingan,in,,0,1,0,https://x.com/undefined/status/1276758217440153600,40880158,
1.28E+18,Mon Jun 22 13:03:27 +0000 2020,2,@ohmybeautybank mending coba https://t.co/TceCF09kR6,1.28E+18,,ohmybeautybank,in,,0,0,0,https://x.com/undefined/status/1275051776480165890,9.95E+17,
1.27E+18,Sat Jun 20 15:18:51 +0000 2020,0,Lebih worth it pake behel apa https://t.co/1XzcxkQpJt ?,1.27E+18,,,in,,0,0,0,https://x.com/undefined/status/1274361074549063681,40488633,
1.27E+18,Sat Jun 20 12:10:35 +0000 2020,0,@subtanyarl Bukan asal pake sih ya klo ini Yg ku tau salah satunya cek di ig @.rata.id Around 7-10 jt kayanya deh,1.27E+18,,subtanyarl,in,,0,0,0,https://x.com/undefined/status/1274313696596996096,186338791,
1.27E+18,Sat Jun 20 12:03:04 +0000 2020,0,@subtanyarl Itu retainer namanya Cek ig rata id aja Pake titik ya,1.27E+18,,subtanyarl,in,,0,0,0,https://x.com/undefined/status/1274311803388825601,1.06E+18,
1.27E+18,Sat Jun 20 11:34:46 +0000 2020,1,@subtanyarl Aku pake RATA ID. Namanya Aligner untuk kasus gigi ku yg cuma rapiin gingsul cuma perlu waktu 8bulan. Harganya lebih murah drpd behel dan bagus bahkan gak repot utk cek bolak balik ke dokter,1.27E+18,,subtanyarl,in,,0,2,0,https://x.com/undefined/status/1274304682651873282,1229445798,
1.27E+18,Sat Jun 20 10:47:55 +0000 2020,0,@subtanyarl Klo di https://t.co/U66lZfE6dW kmaren sempet cek harganya 7juta nanti dpt bbrp pcs buat dipake sekitar 6bln. Klo di dokter gigi biasanya dipake setelah lepas behel harganya dulu bgt kupake 600k.,1.27E+18,,subtanyarl,in,,0,1,0,https://x.com/undefined/status/1274292891540586496,139114161,
1.27E+18,Thu Jun 18 11:10:41 +0000 2020,0,@18autobase nemu di ig nder opsi lain selain behel buka aja @ rata(.)id,1.27E+18,,18autobase,in,,0,0,0,https://x.com/undefined/status/1273573846935678976,290488232,
1.27E+18,Sun Jun 14 12:44:32 +0000 2020,0,@rlthingy Pake rata aja nder bagus. Katanya si wkkwkw terus harga nya fix ig nya https://t.co/EUJ5BvGHbz,1.27E+18,,rlthingy,in,,0,0,0,https://x.com/undefined/status/1272147911338409986,1.09E+18,
1.27E+18,Sat Jun 06 23:29:24 +0000 2020,0,@ohmybeautybank Pake aligner nder di https://t.co/iLWtGNhpfk kalau ga salah sekarang ada promosi 5 5 juta biasanya 9 juta an,1.27E+18,,ohmybeautybank,in,,0,0,0,https://x.com/undefined/status/1269411095980077057,2495788345,
1.27E+18,Sat Jun 06 15:43:09 +0000 2020,0,hmm boljug ni rata id,1.27E+18,,,in,,0,0,0,https://x.com/undefined/status/1269293762171113472,258315167,
1.27E+18,Thu Jun 04 12:36:22 +0000 2020,0,@captainvs_ pake https://t.co/pOVcZ3WEvB lebih bgs,1.27E+18,,,in,,0,0,0,https://x.com/undefined/status/1268521980099166210,1.17E+18,
1.27E+18,Sat May 30 11:18:30 +0000 2020,0,@collegemenfess tapi rataid yang punya drg... temen aku pake ini juga harus konsultasi dulu ga langsung main kirim si invisalingn,1.27E+18,,collegemenfess,in,,0,0,0,https://x.com/undefined/status/1266690442470453248,1.00E+18,
1.27E+18,Sat May 30 05:39:09 +0000 2020,0,@collegemenfess Ini https://t.co/GbDxVxwq32 kan? Bknnya ini yg punya drg? Mreka juga kerja sama sama beberapa klinik gigi utk konsultasi,1.27E+18,,collegemenfess,in,,0,0,0,https://x.com/undefined/status/1266605041906937856,1.16E+18,
1.27E+18,Sat May 30 03:39:51 +0000 2020,5,@collegemenfess ini rata id ga sih? ya kaga nangis lah orang ini kerjaan drg nyari duit nya dari sini. ini produk yg bikin juga drg soalnya aku sempet minat dan cari tau,1.27E+18,,collegemenfess,in,,0,0,0,https://x.com/undefined/status/1266575020769206274,99071951,
1.27E+18,Sat May 30 03:29:22 +0000 2020,0,@collegemenfess Bukannya kalo produk https://t.co/iJ4EffHCei emang dari dokter gigi ya ?,1.27E+18,,collegemenfess,in,,0,0,0,https://x.com/undefined/status/1266572380748410881,2829386527,
1.27E+18,Sat May 30 02:51:37 +0000 2020,0,@tubirfess nah ni sama gue pengen tau masalhnya tempatnya juga yg bagus gtloh bukan asal2an kyk https://t.co/nzRDe9zqCV tuh,1.27E+18,,tubirfess,in,,0,1,0,https://x.com/undefined/status/1266562882952499200,1.09E+18,
1.27E+18,Thu May 28 08:08:53 +0000 2020,0,@aintjulietee Aku gak pake behel aku pake RATA ID Lebih cepat dari behel dah lebih cheap But yeah the pain tho. Aku gabisa tidur di malam pertama pakai :') cuma resultnya gak sampai bertahun² ky behel dan gak peelu kontrol² ke drg :)))))),1.27E+18,,monroetyong,in,,0,1,0,https://x.com/undefined/status/1265917950315204613,1229445798,
1.26E+18,Thu May 21 12:49:28 +0000 2020,0,@ggomunini coba lo cek Rata(.)id deh secara perawatan dan kenyamanan menurut gue kayaknya lebih enak pake itu. tapi kalo mau buat sekalian gaya behel boleh lah wkwkk,1.26E+18,,ggomunini,in,,0,1,0,https://x.com/undefined/status/1263451845541761024,320593047,
1.26E+18,Tue May 19 08:47:30 +0000 2020,0,@beauthingy Ada https://t.co/esJXLxH2Ks kalo ga salah. Cuma mahal :(,1.26E+18,,beauthingy,in,,0,0,0,https://x.com/undefined/status/1262666177593004032,1.20E+18,
1.26E+18,Mon May 18 09:04:31 +0000 2020,0,@ohmybeautybank Duhh itu gak bisa bikin rata gigi beb. Kalo kamu emng pengen pake aligner transparan coba aja buka ig @zenyum atau @rata.id itu mah bukannn beb :(,1.26E+18,,ohmybeautybank,in,,0,0,0,https://x.com/undefined/status/1262308070526345216,1440486817,
1.26E+18,Mon May 18 01:04:18 +0000 2020,1,@ohmybeautybank nope kecuali km beli yg custom yg bakal disesuaiin sm gigi kamu (https://t.co/nT4pl5txUG). kayak gt gabakal gerakin gigi jd gabakal ada perubahan,1.26E+18,,ohmybeautybank,in,,0,0,0,https://x.com/undefined/status/1262187220124856321,8.80E+17,
1.26E+18,Sat May 16 11:36:07 +0000 2020,0,Pengen bgt ngeratain gigi make yg di https://t.co/803K9rPlZn itu soalnya pada cepet bgt orang rata giginya (yg tiap minggu ganti sendiri clear alignernya) tp mahal bgt tolonk otw ikut give away awkarin,1.26E+18,,,in,,0,0,0,https://x.com/undefined/status/1261621447132188673,1647348320,
1.26E+18,Thu May 14 13:24:18 +0000 2020,0,@YBRAP coba pake Rata deh rap. https://t.co/vXVlm7Shwa. kagak nge-promote. cuman pernah ngeliat bang @benakribo pake. dan keknya bagus.,1.26E+18,,yourbae,in,,0,0,0,https://x.com/undefined/status/1260923895118356480,279034627,
1.26E+18,Mon May 11 14:26:59 +0000 2020,0,Guys ada yang pernah pake RATA ID ?,1.26E+18,,,in,,0,0,0,https://x.com/undefined/status/1259852508979179529,1229445798,
1.26E+18,Thu May 07 08:46:21 +0000 2020,1,@subtanyarl mending yg pasti aja di ig @.rata.id,1.26E+18,,subtanyarl,in,,0,0,0,https://x.com/undefined/status/1258317233073291270,8.67E+17,
1.26E+18,Wed May 06 12:39:39 +0000 2020,0,@cat_servants @pjmproducer @ohmybeautybank Iyaa sih cuman ini kan https://t.co/mngfaDUm43 harganya bisa setara behel di dokter gigi kok :((,1.26E+18,,cat_servants,in,,0,1,0,https://x.com/undefined/status/1258013557867700225,2378611418,
1.26E+18,Wed May 06 12:34:25 +0000 2020,5,@rosednna @ohmybeautybank Dan ini juga di cetak sesuai gigi masing2 ko itu https://t.co/mngfaDUm43 yawlah bukan yg abal2 kek 100rb an di Shopee :((,1.26E+18,,foraminifeera,in,,0,1,0,https://x.com/undefined/status/1258012241758023680,2378611418,
1.25E+18,Mon Apr 27 11:29:09 +0000 2020,0,@sayabertitah @sbyfess kaloo rata. id itu bukan retainer setauku kakk dia aligner jadi dia ada beberapa step aligner yang harus dipke dalam jangka waktu tertentu terus ganti tiap beberapa waktu sampe nanti bentuknya baguss. kalo retainer kan emang cuma 1 doang dan fungsinya buat mempertahankan bentuk,1.25E+18,,,in,,0,0,0,https://x.com/undefined/status/1254734323074269184,1.01E+18,
1.25E+18,Mon Apr 27 02:25:14 +0000 2020,0,@sbyfess aku sih pengen pake rata id jugaa tapi masi nabung wkwk,1.25E+18,,k0m0d0temanbaik,in,,0,0,0,https://x.com/undefined/status/1254597445595488256,1.01E+18,
1.25E+18,Mon Apr 27 01:29:37 +0000 2020,0,@sayabertitah https://t.co/AyVR0FkjKe itu yg di review tasya farasya bukan ya kak?,1.25E+18,,,in,,0,0,0,https://x.com/undefined/status/1254583448288677889,4200442433,
1.25E+18,Sun Apr 26 10:59:05 +0000 2020,0,@rockbisonmoci13 @ohmybeautybank Ini clear aligner untuk perawatan gigi yang gak rata gigi renggang gigi tonggos dll deh kasusnya. Mirip sperti behel bedanya ini bahan plastik yang aman dan transparan. Trs ga bakal sakit kl pk aligner ini Lbh detailnya bisa cek ke IG mreka ya kak https://t.co/veeHPaM16H,1.25E+18,,akubucinthv,in,,0,2,0,https://x.com/undefined/status/1254364370022182912,1.06E+18,
1.25E+18,Sat Apr 25 10:41:37 +0000 2020,0,@rifahasibuan Iyaa uda pernah liat ig https://t.co/lj77HRWCTm si hehe thanks for ur information rifaa,1.25E+18,,,in,,0,0,0,https://x.com/undefined/status/1253997584903032832,964136526,
1.25E+18,Wed Apr 22 14:58:32 +0000 2020,0,@ohmybeautybank Check ig @ https://t.co/jfeYe30NFo cabang di bandung ada di ruko paskal 23 https://t.co/xrZVouGy2c,1.25E+18,https://pbs.twimg.com/media/EWN2J4VUwAEJl0o.jpg,ohmybeautybank,in,,0,0,0,https://x.com/undefined/status/1252975077093597187,1.06E+18,
1.25E+18,Wed Apr 22 03:49:56 +0000 2020,0,@cochoxpie Btw fir kalo ga terlalu berantakan mending pake rata aja di ig namanya @.rata.id Soalnya behel tuh ribet ,1.25E+18,,LesFeuilleis,in,,0,1,0,https://x.com/undefined/status/1252806817773580292,8.67E+17,
1.25E+18,Sun Apr 19 03:30:24 +0000 2020,0,@Thaniafardha1 pake https://t.co/6wCr75cDEL itu lohh yang ky behel tp pakenya retainer nya aja,1.25E+18,,,in,,0,0,0,https://x.com/undefined/status/1251714742072176641,2554989343,
1.25E+18,Thu Apr 16 00:00:47 +0000 2020,7,Salah apa nih gigi sampe harus di kurung @masayucla_ &amp; https://t.co/aqCf2VYp2c https://t.co/8y1wtf7LJw,1.25E+18,,,in,,0,0,0,https://x.com/undefined/status/1250574826009497602,152160121,
1.25E+18,Wed Apr 08 01:09:25 +0000 2020,0,@closealltab @aprilprll @ohmybeautybank @zenyum Nah iyaaa https://t.co/1zUid4T5Xn tp itu lbh mahal dr pake behel kan ya,1.25E+18,,closealltab,in,,0,1,0,https://x.com/undefined/status/1247692993030533121,1.07E+18,
1.25E+18,Wed Apr 08 01:07:41 +0000 2020,0,@amerikeno_ @aprilprll @ohmybeautybank coba cek ig nya ( @rata.id ) atau ( @zenyum.id ) mba dia ngerapihin gigi tanpa behel. pake aligner kl gasalah namanya. nanti di sesuaikan sama bentuk gigi aligner nya pake 3d scanner,1.25E+18,,ameriken0__,in,,0,1,0,https://x.com/undefined/status/1247692559108812801,1.06E+18,
1.25E+18,Sat Apr 04 15:11:05 +0000 2020,0,@raafwl https://t.co/9ieZtr5hXG kaya behel tp transparan gituuu.,1.25E+18,,raafwl,in,,0,1,0,https://x.com/undefined/status/1246455255895814149,1.23E+18,
1.24E+18,Thu Apr 02 04:40:19 +0000 2020,1,@canyonmuny @ohmybeautybank Hi kak maaf jbjb :') mau tanya dong kalo pake aligner https://t.co/MNqXnxorzS worth it nggak? -ns,1.25E+18,,canyonnmoony,in,,0,1,0,https://x.com/undefined/status/1245571742505914369,1.12E+18,
1.24E+18,Wed Apr 01 03:51:04 +0000 2020,1,@ohmybeautybank dulu aku gatau tentang behel terus ak pake ditukang gigi:( baru satu tahun pemakaian baru tau kalo ga boelh di tukang gigi akhirnya copot deh. dan skrg aku pake aligner https://t.co/IBYnlHrDBz,1.25E+18,,ohmybeautybank,in,,0,1,0,https://x.com/undefined/status/1245196959394058240,2506883690,
1.24E+18,Sun Mar 22 06:27:51 +0000 2020,0,@Veroberoz Pernah Dulu sih kurang lebig 3 tahun Coba cek ini https://t.co/YzS6Ot2eRk,1.24E+18,,Veroberoz,in,,0,1,0,https://x.com/undefined/status/1241612536769699841,56061576,
1.24E+18,Fri Mar 13 20:12:43 +0000 2020,0,@ohmybeautybank Sakitttlahhh pake behel apa lagi yg kawat dibelakang wkwk kalo masalah giginya ga giru parah coba cek https://t.co/IAVze4V74O deh. Gw liat di ig banyak yg pake dan kayanya bagus modelan Invisalign gitu,1.24E+18,,ohmybeautybank,in,,0,0,0,https://x.com/undefined/status/1238558630267334656,1.18E+18,
1.24E+18,Thu Mar 12 16:26:05 +0000 2020,9,1 lagi tips kalau lg pakai rata: perhatiin bener2 durasi pemakaian aligner kalian WAJIB BANGET 22 JAM/HARI. Biar gigi kalian bergerak lebih maksimal dan bisa lebih cepet dari 6 bulan. Rata(.)id sendiri ngeklaim bhw proses pergerakan gigi tuh 3-6 bln jadi kalo lbh cpt kenapa ngga,1.24E+18,,falalanana,in,,0,1,1,https://x.com/undefined/status/1238139206662144000,289268046,
1.24E+18,Wed Mar 11 11:23:29 +0000 2020,1,@migorengkuaah @susukarameI @spesial hai2 ini thread review rata(.)id. Aku akan update per hari ya. Thank you https://t.co/Oomy6pgr4F,1.24E+18,,miegorengkuaah,in,,0,2,0,https://x.com/undefined/status/1237700667076050944,289268046,
1.24E+18,Wed Mar 11 11:17:38 +0000 2020,1,Lanjut ke pengalaman aku pake rata(.)id ya. Jadi beberapa waktu yg lalu aku ke Grand Indonesia. Kebetulan pas itu ada booth rata. Kakak aku tuh bener2 yang kayak udah Na cobain aja beli dan pake dan semua ini di-encourage sama keluargaku.,1.24E+18,,falalanana,in,,0,1,0,https://x.com/undefined/status/1237699198146842624,289268046,
1.24E+18,Wed Mar 11 11:17:34 +0000 2020,3,Clear aligner itu apa sih? Rata(.)id adalah clear aligner lokal pertama di Indonesia. Clear aligner berfungsi untuk meratakan gigi jadi fungsinya sama seperti behel gigi biasa. Perbedaan signifikan dari behel &amp; clear aligner adalah sesuai dg namanya 'clear' dia ini transparan.,1.24E+18,,falalanana,in,,0,1,0,https://x.com/undefined/status/1237699178941181952,289268046,
1.24E+18,Wed Mar 11 11:17:33 +0000 2020,14,Ini didedikasikan u/ yg butuh honest review dari orang yg bukan selebgram atau selebtwit. Karena berdasarkan ig rata(.)id sendiri kebanyakan yg kasih full review itu selebgram semua WKWK. Thread ini juga bertujuan untuk menulis perjalananku pakai alignernya. Selamat membaca ,1.24E+18,,falalanana,in,,1,1,0,https://x.com/undefined/status/1237699175921242113,289268046,
1.24E+18,Wed Mar 11 11:17:32 +0000 2020,141,Pengalaman Memakai Clear Aligner dari rata(.)id -A Thread-,1.24E+18,,,in,,7,21,16,https://x.com/undefined/status/1237699173270487040,289268046,
1.24E+18,Sat Mar 07 11:10:31 +0000 2020,4,Kalo w bikin review clear aligner dari rata(.)id pada tertarik baca ga?,1.24E+18,,,in,,0,8,0,https://x.com/undefined/status/1236247854810726400,289268046,
1.24E+18,Fri Mar 06 09:51:07 +0000 2020,0,@ohmybeautybank kamu coba deh https://t.co/JhrcSKaMOR,1.24E+18,,ohmybeautybank,in,,0,1,0,https://x.com/undefined/status/1235865483741552647,1.13E+18,
1.23E+18,Tue Feb 25 13:41:52 +0000 2020,0,@sukanyahahahihi He rata id itu dimana?,1.23E+18,,,in,,0,1,0,https://x.com/undefined/status/1232299677808128001,1.20E+18,
1.23E+18,Tue Feb 25 06:30:02 +0000 2020,0,@napaseoo @ohmybeautybank cek aja IG nya https://t.co/eAc4D8uZBq kak,1.23E+18,,yeoboseoyo,in,,0,0,0,https://x.com/undefined/status/1232191001768292353,2558270298,
1.23E+18,Mon Feb 24 10:48:31 +0000 2020,0,@ohmybeautybank pake https://t.co/eAc4D8uZBq aja nder. pengganti behel yg menyakitkan,1.23E+18,,ohmybeautybank,in,,0,0,0,https://x.com/undefined/status/1231893663426285568,2558270298,
1.23E+18,Sat Feb 22 04:35:21 +0000 2020,0,@collegemenfess coba cek ig @/rata.id liat2 dl aja. bukan tukang/ahli gigi kok itu,1.23E+18,,collegemenfess,in,,0,0,0,https://x.com/undefined/status/1231074975919964160,8.82E+17,
1.23E+18,Sat Feb 08 06:04:43 +0000 2020,0,@shintaaraa_ kalo susunan gigi mungkin skrg bisa pake yang promo apa itu https://t.co/uHYdUZNhyu di ig kalo nga salah glowing sk ii. ok jk. but sheetmask everyday will moisture enough for the glow plus segala ampoule dll. Kakak sering nengok fave ga kak I want to use their promo,1.23E+18,,shintaaraa_,in,,0,0,0,https://x.com/undefined/status/1226024035001094144,620960099,
1.23E+18,Fri Feb 07 17:34:16 +0000 2020,1,So happy gigi mulai rapi karena pakai https://t.co/NtN7TGzEOu Walaupun nggak rutin ,1.23E+18,,,in,,0,1,0,https://x.com/undefined/status/1225835178775330816,97443614,
1.22E+18,Tue Jan 28 12:27:56 +0000 2020,0,pingin tau efek https://t.co/f4Zfd9vz86 muncul disby dengan jumlah px orto di rsgm,1.22E+18,,,in,,0,1,0,https://x.com/undefined/status/1222134210627899392,279285379,
1.22E+18,Tue Jan 28 10:55:42 +0000 2020,0,@gabyJKT48 kemaren katanya mau pasang behel lagi ya? mau coba Clear Aligner dari https://t.co/vSVUZaVL6I ga? coba cek aja dulu web-nya siapa tau tertarik... katanya ga sesakit kalo pake behel. Trus liat2 aja dulu testimoninya di yutub.,1.22E+18,,gabywarouw4,in,,0,0,0,https://x.com/undefined/status/1222111000150720512,1.04E+18,
1.22E+18,Mon Jan 27 03:15:51 +0000 2020,0,Males jelasin ttg https://t.co/iQHdbv8x0v ketemen gue https://t.co/Z7LPcWVYv4,1.22E+18,https://pbs.twimg.com/ext_tw_video_thumb/1221632830825844737/pu/img/xWSPUQupv8GnePHm.jpg,,in,,0,0,1,https://x.com/undefined/status/1221632886836625409,111859495,
1.22E+18,Sun Jan 26 01:29:18 +0000 2020,0,@medicalfess Cek https://t.co/aphAVUJP7X kalo ga zenyum,1.22E+18,,medicalfess,in,,0,0,0,https://x.com/undefined/status/1221243683023904769,2941919917,
1.22E+18,Thu Jan 23 13:34:44 +0000 2020,0,@P3nj3l4j4h_id Ko kelompok sebelah rata id nya pasti ada deretan angka acak.,1.22E+18,,P3nj3l4j4h_id,in,,0,1,0,https://x.com/undefined/status/1220339080602349568,8.63E+17,
1.22E+18,Sun Jan 19 05:52:25 +0000 2020,0,@punggungsonu2 Aku juga ada gang nya buk lebar bgt lagi. Yahh udh 3thn bisa balik lagi ya :( Aku disaranin pake aligner dari rata .id gt ama temenku tp bimbang soalnya blm pernah make gituan,1.22E+18,,punggungsonu2,in,,0,1,0,https://x.com/undefined/status/1218773182494072835,120687848,
1.22E+18,Thu Jan 16 09:17:20 +0000 2020,1,@ohmybeautybank Coba cek ig https://t.co/0XaeXWgGFw,1.22E+18,,ohmybeautybank,in,,0,0,0,https://x.com/undefined/status/1217737587730763776,1091734075,
1.22E+18,Thu Jan 16 09:12:22 +0000 2020,0,@ohmybeautybank coba deh cek ig https://t.co/jeycG4DFwV nder,1.22E+18,,ohmybeautybank,in,,0,0,0,https://x.com/undefined/status/1217736339573002240,9.93E+17,
1.22E+18,Thu Jan 16 08:14:43 +0000 2020,0,@rahmiasraa @ohmybeautybank setau aku alternatifnya memang behel sih kalo mau ratain gigi tp kalo gamau pasang behel mungkin kamu bisa coba cek ig https://t.co/IYJ81lf9Hh krn bisa bikin retainer buat ngeratain gigi gitu. cmiiw kalo yg behel an pas lepas behel baru pasang retainer biasanya gt,1.22E+18,,rahmiasraa,in,,0,0,0,https://x.com/undefined/status/1217721831269863425,9.37E+17,
1.22E+18,Thu Jan 16 03:27:46 +0000 2020,0,@dopeasship @ohmybeautybank ADAAA tp mahal bgt yg https://t.co/6fCGtCxEGT itu murahhh tp &amp; bisa lepas pasang sis sptnya baguuus,1.22E+18,,dopeasship,in,,0,0,0,https://x.com/undefined/status/1217649616679649280,1.02E+18,
1.22E+18,Sun Jan 12 14:03:02 +0000 2020,0,@rlthingy Di ig https://t.co/EDj3JLn2Xd ada kayaknya yg invisivle gitu harga antara 7-9 jt perawatan sekitar 3-6 bulan,1.22E+18,,rlthingy,in,,0,0,0,https://x.com/undefined/status/1216359938802380801,1.03E+18,
1.21E+18,Sat Dec 28 07:39:23 +0000 2019,0,Ini https://t.co/AhB1bckR5t beneran ga ya bisa ratakan gigi? Kalo bener kyknya oke juga jauh lebih murah dari pasang kawat,1.21E+18,,,in,,0,0,0,https://x.com/undefined/status/1210827570893094915,72803296,
1.21E+18,Sat Dec 28 05:26:56 +0000 2019,0,@qnafess https://t.co/SI4eW8lPLj kl gasalah kl di ig,1.21E+18,,qnafess,in,,0,0,0,https://x.com/undefined/status/1210794236179664900,1.15E+18,
1.21E+18,Tue Dec 24 23:48:06 +0000 2019,0,@beauthingy mending pakai Rata (ig @/rata.id) nder. semacam aligner gitu bisa dilepas pasang. aku belom pernah pakai sih tapi pengen ngerapiin gigi juga.,1.21E+18,,beauthingy,in,,0,0,0,https://x.com/undefined/status/1209621803993313282,162276785,
1.16E+18,Sat Dec 21 00:58:12 +0000 2019,2,@belindch Ohya mbak. Mau tanya. Kalau https://t.co/rUBUvF0fAT termasuk yang abal2 ga tuh ya? Masa iklanin banding2in sama behel yang mahal. https://t.co/nqDC08zp1s,1.21E+18,https://pbs.twimg.com/media/EMRaRzAUYAAk10M.jpg,belindch,in,,1,2,0,https://x.com/undefined/status/1208189895526641664,2585720988,
1.20E+18,Fri Nov 29 08:03:03 +0000 2019,0,mau bikin retainer di rataid tapi belom punya duwidnya,1.20E+18,,,in,,0,1,0,https://x.com/undefined/status/1200324279457345537,7.71E+17,
1.20E+18,Wed Nov 27 16:34:10 +0000 2019,1,Bagi rata @id_fm https://t.co/3Bto32uXsm,1.20E+18,https://pbs.twimg.com/media/EKZKXIyU4AAiLPo.jpg,,in,,0,0,1,https://x.com/undefined/status/1199728128425259008,80201532,
1.20E+18,Sat Nov 23 12:16:54 +0000 2019,0,@skincarefess Sekarang ada metode baru pakai clear aligner. Coba cek instagram https://t.co/1HXj71nft9 deh,1.20E+18,,CryptoFreakOG,in,,0,0,0,https://x.com/undefined/status/1198213834042789889,100470288,
1.19E+18,Sun Nov 10 15:35:18 +0000 2019,1,Ini yg bikin https://t.co/sSXnyIibhD siapa ya dokternya? Penasaran aja.,1.19E+18,,,in,,0,1,0,https://x.com/undefined/status/1193552721275572227,102379506,
1.19E+18,Sat Nov 09 02:38:54 +0000 2019,0,@ohmybeautybank Pake aligner coba cek ig nya https://t.co/VGCUCBmlbX,1.19E+18,,ohmybeautybank,in,,0,0,0,https://x.com/undefined/status/1192994946157969408,323387559,
1.19E+18,Mon Oct 28 14:56:29 +0000 2019,0,@womanfeeds Mending klo ga mau pake behel bisa pake semacam begini tapi lebih aman krn bnr2 dari dokter gigi cek aja di ig https://t.co/m16zHyeCGH,1.19E+18,,bombockats,in,,0,0,0,https://x.com/undefined/status/1188831912007094272,377261666,
1.19E+18,Sun Oct 20 12:55:08 +0000 2019,22,Coba kamu cek rata(.)id di ig,1.19E+18,,,in,,0,0,1,https://x.com/undefined/status/1185902269989933056,151826642,
1.18E+18,Sun Oct 06 13:02:53 +0000 2019,1,yang mau #meratakangigi tanpa #pasangkawat atau #behelgigi dengan harga terjangkau... cobain layanan dari https://t.co/J3T8dYIDBB,1.18E+18,,,in,,0,0,0,https://x.com/undefined/status/1180830790856269824,886396602,
1.18E+18,Sun Oct 06 13:00:55 +0000 2019,2,https://t.co/HGfzH9xpc3 Solusi Meratakan Gigi tanpa Pasang Kawat dan Behel Ingin meratakan gigi tanpa pasang kawat dan behel gigi? Gunakan clear aligner Rata yang terbukti harganya 80% lebih murah dibanding kawat gigi tradisional https://t.co/tHkfMORnic,1.18E+18,https://pbs.twimg.com/media/EGMm5DeUUAMKA9V.png,,in,,1,0,2,https://x.com/undefined/status/1180830294384865280,7.37E+17,
1.18E+18,Sun Sep 22 17:39:20 +0000 2019,0,abis kepoin ig https://t.co/k0pejiwHm5 ayo nabung,1.18E+18,,,in,,0,0,0,https://x.com/undefined/status/1175826931763122177,3243201494,
1.18E+18,Sat Sep 21 19:52:31 +0000 2019,0,@tanya2rl pake invisible branches aja @zenyum.id atau gak @rata.id,1.18E+18,,tanya2rl,in,,0,0,0,https://x.com/undefined/status/1175498056432676864,1.01E+18,
1.18E+18,Sat Sep 21 12:46:38 +0000 2019,0,Woahahahaa ada temen kost yang pakai https://t.co/htKiqnvD8s akhirnya ada yg bisa ditanyain testimoni,1.18E+18,,,in,,0,0,0,https://x.com/undefined/status/1175390880527781888,57638601,
1.17E+18,Wed Sep 18 12:18:48 +0000 2019,0,@dukeofmalang Coba cek ig: @Rata.id,1.17E+18,,dukeofmalang,in,,0,1,0,https://x.com/undefined/status/1174296715089678346,71740540,
1.17E+18,Sun Sep 15 11:55:45 +0000 2019,0,@pengenglowing @ohmybeautybank Bisa. Pokonya menggerakkan gigi sampai ke posisi idealnya. Selengkapnya https://t.co/7Em97u8XYr / https://t.co/2kWXHXHgkT,1.17E+18,,pengenglowing,in,,0,0,0,https://x.com/undefined/status/1173203747477942273,8.88E+17,
1.17E+18,Sun Sep 15 08:01:21 +0000 2019,7,@dmnmnhatikusnng @ingetakugak @ohmybeautybank Kalo beli online aja sih. Setelah itu baru ke klinik untuk cetak gigi. Tp bisa jg didategin sm tim rata nya kalo mau cetak di rumah. Selengkapnya silakan cek https://t.co/7Em97u8XYr,1.17E+18,,mengserahh,in,,0,2,0,https://x.com/undefined/status/1173144758690037761,8.88E+17,
1.17E+18,Sat Sep 07 02:24:23 +0000 2019,7,@siswoo_ @askmenfess Sama2. Aku pakai aligner dari rata(dot)id. Bisa kepoin kalo mau tau lebih lanjut https://t.co/7Em97u8XYr https://t.co/2kWXHXHgkT,1.17E+18,,xolovesis,in,,0,1,1,https://x.com/undefined/status/1170160856161587202,8.88E+17,
1.16E+18,Sun Aug 04 04:18:53 +0000 2019,5,@yepowiyo @wangikamper @ohmybeautybank 7.5 jt atas bawah. Diluar slicing yaa slicing biasanya diperlukan sebelum memakai aligner pertama kisaran harga slicing 300-500k. Follow aja ig nya rata .id waktu itu mereka pernah adain promo jd 5.5 jt untuk pembelian ber2. Tp ak beli pas lg ga promo jd 7.5 jt kenanya,1.16E+18,,terIahir,in,,1,0,1,https://x.com/undefined/status/1157868484979597312,8.88E+17,
1.16E+18,Sun Aug 04 02:00:09 +0000 2019,0,@nowrahxn @ohmybeautybank https://t.co/ZCIz7aJ5nc kalo gasalah,1.16E+18,,ptlouda,in,,0,0,0,https://x.com/undefined/status/1157833571375054848,8.83E+17,
1.16E+18,Sat Aug 03 06:53:39 +0000 2019,0,Emang banyak sih orang yg bisa dibohongin apalagi dengan endorsement. Ini lagi beli ritener online janjiin gigi rapih. Yakali (Info nemu di iklan IGS) https://t.co/QFO5zBvw1A,1.16E+18,,,in,,0,0,0,https://x.com/undefined/status/1157545045303554049,39169373,
1.15E+18,Wed Jul 24 12:16:13 +0000 2019,0,@farmalkesRI @KemenkesRI Apakah produk yang diiklankan pada situs ini sudah terdaftar sebagai alat kesehatan? https://t.co/wQP5BVVftC,1.15E+18,,farmalkesRI,in,,0,0,0,https://x.com/undefined/status/1154002342305382403,97421043,
1.14E+18,Sat Jun 08 13:21:33 +0000 2019,0,@jaeholix_ @ohmybeautybank Ih berapa yaa lupaaa 7 5 apa ya waktu pertama buka tuh si https://t.co/k9WgGgZZfe aku lupaaa hehehe,1.14E+18,,jaeholix_,in,,0,1,0,https://x.com/undefined/status/1137348941576454144,178181774,
1.14E+18,Thu Jun 06 15:02:41 +0000 2019,1,@askmenfess Liat ig catwomanizer terus liat highlight nya yang https://t.co/6q0oFpmDHZ nder. Itu ttg ngerapihin gigi tanpa behel https://t.co/cLfJGR8ihB,1.14E+18,https://pbs.twimg.com/media/D8YwyXIVUAAKpwh.jpg,Askmenfess,in,,0,0,0,https://x.com/undefined/status/1136649616282177536,1.02E+18,
1.13E+18,Thu May 30 12:32:56 +0000 2019,0,@womanfeeds Cek akun ig https://t.co/QheT6kS2L7 1 set cuma 7 5 mio. G perlu kontrol ke dokter selama pemakaian. Ato coba ikit give away mereka. Deadlinenya besok loh.,1.13E+18,,bombockats,in,,0,0,0,https://x.com/undefined/status/1134075218010316800,341003863,
1.13E+18,Wed May 29 16:20:41 +0000 2019,0,@womanfeeds Cek akun ig https://t.co/QheT6kS2L7,1.13E+18,,bombockats,in,,0,0,0,https://x.com/undefined/status/1133770145262854144,341003863,
1.13E+18,Tue May 21 10:54:40 +0000 2019,0,@ohmybeautybank Engga nderrr. Mending kamu ke ig https://t.co/4EdKNQTQIz dia tuh bisa rapihin gigi tanpa behel mirip invisalign tapi harga jauh lebih murah. Dan itu ga asal2an cetak gigi dulu dan dipantau drg nya,1.13E+18,,ohmybeautybank,in,,0,0,0,https://x.com/undefined/status/1130788997179904001,1059682878,
1.13E+18,Sun May 12 19:55:50 +0000 2019,1,@askmenfess Coba ke https://t.co/fihxEC6p5n aja (instagram) bukan behel tp works like behel lebuh murah jg dr behel,1.13E+18,,Askmenfess,in,,0,0,0,https://x.com/undefined/status/1127663692911218688,1.03E+18,
1.13E+18,Sun May 12 03:09:41 +0000 2019,1,@ohmybeautybank Itu dibikinnya harus sm dokter diliat dulu giginya trs nnti dibikin polanya. Kuliat di ignya catwomanizer dia pake dari https://t.co/Hw6tEIQKwf dibawah 10jtan,1.13E+18,,ohmybeautybank,in,,0,0,0,https://x.com/undefined/status/1127410487069560832,257410718,
